tree
version=v4
num_class=1
num_tree_per_iteration=1
label_index=0
max_feature_idx=27
objective=binary sigmoid:1
feature_names=amount amount_log amount_z_vs_card amount_z_vs_product avs_match cvv_match three_ds_authenticated three_ds_attempted billing_shipping_mismatch bin_billing_mismatch billing_distance account_age_days account_age_missing card_age_days prior_disputes is_guest txns_card_24h txns_card_7d txns_ip_24h txns_device_24h is_digital email_domain_risk email_domains_differ hour_of_day is_night day_of_week is_weekend n_missing_fields
feature_infos=[17.780000000000001:120390.13] [2.932792473780117:11.698501138046664] [-2.1093836102964891:3.7346432916144754] [-0.98066005814511858:26.882027302297775] [-1:1] [-1:1] [0:1] [0:1] [0:1] [0:1] [0:5997.8000000000002] [0:2243.6999999999998] none [0:2216.4000000000001] [0:3] [0:1] [0:18] [0:18] [0:14] [0:12] [0:1] [0.25:0.69999999999999996] [0:1] [0:23] [0:1] [0:6] [0:1] none
tree_sizes=5173 5284 5259 5263 5281 5277 5303 5318 5313 5325 5312 5317 5322 5285 5306 5303 5316 5294 5242 5294 5255 5306 5304 5277 5307 5291 5295 5290 5305 5317 5282 5302 5293 5306 5286 5282 5273 5277 5298 5320 5278 5304 5297 5291 5352 5275 5289 5272 5284 5301 5302 5301

Tree=0
num_leaves=48
num_cat=0
split_feature=16 11 6 5 5 6 11 5 5 6 5 5 16 6 5 6 16 10 16 6 10 4 4 14 11 10 25 11 18 3 10 3 4 18 16 1 4 13 4 5 5 6 2 4 2 10 1
split_gain=651.17 434.012 351.901 172.429 245.511 174.124 143.37 117.403 166.613 109.723 94.454 89.3679 74.9216 41.8962 39.5453 38.6769 44.1301 46.0316 25.4865 30.1916 35.2886 24.2794 24.0114 23.7527 26.0161 19.1733 17.8429 17.4165 17.1052 14.3832 13.9636 15.8108 13.5719 13.4003 12.3477 12.5783 12.3304 19.6464 12.7437 10.9091 18.8451 11.9181 11.4264 9.86563 9.26695 9.15979 8.99259
threshold=6.5000000000000009 0.45000000000000007 1.0000000180025095e-35 1.0000000180025095e-35 -1.0000000180025095e-35 1.0000000180025095e-35 6.0500000000000007 1.0000000180025095e-35 -1.0000000180025095e-35 1.0000000180025095e-35 1.0000000180025095e-35 -1.0000000180025095e-35 3.5000000000000004 1.0000000180025095e-35 1.0000000180025095e-35 1.0000000180025095e-35 2.5000000000000004 875.95000000000016 4.5000000000000009 1.0000000180025095e-35 566.65000000000009 1.0000000180025095e-35 -1.0000000180025095e-35 1.0000000180025095e-35 5.2500000000000009 124.45000000000002 2.5000000000000004 4.6500000000000012 2.5000000000000004 -0.52078167208076509 13.550000000000002 -0.43777240769489945 1.0000000180025095e-35 3.5000000000000004 4.5000000000000009 7.4747041132546679 1.0000000180025095e-35 134.35000000000005 -1.0000000180025095e-35 1.0000000180025095e-35 -1.0000000180025095e-35 1.0000000180025095e-35 1.2862992125721389 1.0000000180025095e-35 -1.0071818630970688 23.850000000000005 8.8342685174073186
decision_type=2 10 2 2 2 2 10 2 2 2 2 2 2 2 2 2 2 2 2 2 2 2 2 2 10 2 2 8 2 2 2 2 2 2 2 2 2 2 2 2 2 2 2 2 2 2 2
left_child=6 2 10 4 43 28 7 8 34 12 11 -2 27 23 -4 16 -9 36 39 20 21 22 -20 24 -5 -26 -25 -10 -6 -12 -11 -32 -16 -24 -1 -36 37 -18 -39 40 -8 42 -42 -3 -38 -37 -46
right_child=1 3 14 13 5 -7 18 15 9 30 29 -13 -14 -15 32 -17 17 -19 19 -21 -22 -23 33 26 25 -27 -28 -29 -30 -31 31 -33 -34 -35 35 45 44 38 -40 -41 41 -43 -44 -45 46 -47 -48
leaf_value=-4.1122183006517918 -3.8475489920117445 -4.025982909530053 -3.9101882679947852 -3.9629582889688804 -3.9131715670565854 -4.0070099930862559 -4.1315441885952167 -4.1074671974179449 -4.0651475733965015 -4.1143808066468557 -3.9414194266543023 -3.3250776329916696 -3.7683752355651801 -4.1138003395811129 -3.9895081651624955 -4.1214029842040185 -4.0615063769062232 -3.8711088847363708 -4.0950099164572222 -4.1253788538801404 -3.9275319668933601 -4.1045398383005658 -3.9290686706431828 -4.0775868200987011 -4.0918734575927687 -3.9758755169353841 -3.904474533207122 -3.9364226442838746 -3.6366157673487978 -3.7642221442707777 -3.9621929948133845 -4.0716285748260326 -4.0983516525164276 -4.061563606669286 -4.108217124646214 -3.9383855456285062 -3.9905346225978775 -4.0545139079512218 -3.872026481444097 -4.1304588911100089 -4.0867453297752974 -4.1187476028732881 -4.0112802484889727 -4.1031145235733035 -4.0912943658381016 -4.0763931123144399 -4.0197625382678988
leaf_weight=32.33618894033134 2.7934829220175743 4.8236303944140682 5.3758305069059142 4.7261833157390347 2.5661064051091671 8.1855546087026596 63.681665914133191 58.484488384798169 3.8329184278845796 5.4570364058017757 4.3526361808180818 2.6310711242258558 8.0718663502484542 42.892955796793103 3.0533417984843263 87.799817886203527 10.816625732928513 2.5661064051091662 8.3804487660527229 55.691005462780595 2.8097241017967454 42.69806163944304 4.5150479786098003 2.338729888200759 30.630865063518286 3.0208594389259806 3.7192301694303751 11.173931688070297 6.9837073050439358 8.6403076425194723 4.9860421922057876 8.0881075300276244 9.1762665752321464 3.6055419109761715 4.1090184841305 2.013906292617321 2.062629831954836 2.013906292617321 2.0139062926173201 308.0789392311126 32.352430120110512 25.368722815066576 4.93731865286827 13.463938036933541 31.312994614243507 2.2737651690840721 4.0927773043513289
leaf_count=1991 172 297 331 291 158 504 3921 3601 236 336 268 162 497 2641 188 5406 666 158 516 3429 173 2629 278 144 1886 186 229 688 430 532 307 498 565 222 253 124 127 124 124 18969 1992 1562 304 829 1928 140 252
internal_value=-4.08724 -3.99495 -3.84466 -4.04043 -3.95 -3.82278 -4.10493 -4.07605 -4.02614 -3.95701 -3.69737 -3.515 -3.88645 -4.07886 -4.01139 -4.09668 -4.0774 -4.04556 -4.11975 -4.09898 -4.07504 -4.08457 -4.03484 -4.04528 -4.06154 -4.07856 -3.96052 -3.96589 -3.68742 -3.80894 -4.05066 -4.024 -4.06587 -3.97867 -4.09818 -4.04719 -4.05801 -4.02093 -3.93868 -4.12534 -4.11261 -4.09296 -4.07504 -4.08067 -4.07403 -3.99574 -4.08141
internal_weight=995 159.375 36.0229 123.352 36.0229 17.7354 835.625 283.506 82.3428 41.6099 18.4175 5.42455 23.0787 87.3288 17.6054 201.163 113.363 54.8789 552.119 117.7 62.0088 59.1991 16.501 44.4359 38.3779 33.6517 6.05796 15.0069 9.54981 12.9929 18.5312 13.0741 12.2296 8.12059 40.7329 8.39669 52.3128 14.8444 4.02781 434.419 126.34 62.6585 37.2897 18.2876 37.4684 4.28767 35.4058
internal_count=61264 9813 2218 7595 2218 1092 51451 17456 5070 2562 1134 334 1421 5377 1084 12386 6980 3379 33995 7247 3818 3645 1016 2736 2363 2072 373 924 588 800 1141 805 753 500 2508 517 3221 914 248 26748 7779 3858 2296 1126 2307 264 2180
is_linear=0
shrinkage=1


Tree=1
num_leaves=48
num_cat=0
split_feature=16 6 5 5 15 21 15 16 5 16 6 6 8 15 5 21 5 5 21 0 6 3 5 5 21 13 23 6 13 21 16 4 0 3 21 6 13 3 4 4 23 23 13 13 8 3 3
split_gain=512.37 335.923 173.194 195.129 121.21 94.3858 88.236 73.9641 52.5011 39.7074 49.3533 37.5342 36.9697 35.0644 33.8621 33.5577 32.5646 45.0527 28.1718 25.6389 24.654 23.2799 19.4288 42.4705 22.0784 30.9195 18.9514 17.4072 16.3027 16.0741 15.265 14.8158 15.3812 14.4783 13.7607 13.3732 15.5976 16.5742 13.3296 28.5173 13.3076 13.2853 13.1789 13.1771 12.5437 11.4748 11.0215
threshold=6.5000000000000009 1.0000000180025095e-35 1.0000000180025095e-35 -1.0000000180025095e-35 1.0000000180025095e-35 0.52500000000000013 1.0000000180025095e-35 3.5000000000000004 1.0000000180025095e-35 4.5000000000000009 1.0000000180025095e-35 1.0000000180025095e-35 1.0000000180025095e-35 1.0000000180025095e-35 -1.0000000180025095e-35 0.52500000000000013 1.0000000180025095e-35 -1.0000000180025095e-35 0.52500000000000013 612.61500000000012 1.0000000180025095e-35 -0.30526599975231089 1.0000000180025095e-35 -1.0000000180025095e-35 0.52500000000000013 9.3500000000000032 14.500000000000002 1.0000000180025095e-35 8.0500000000000025 0.52500000000000013 3.5000000000000004 1.0000000180025095e-35 6053.6900000000014 0.15463028324280015 0.4250000000000001 1.0000000180025095e-35 139.25000000000003 -0.47356320178307793 1.0000000180025095e-35 -1.0000000180025095e-35 11.500000000000002 10.500000000000002 212.65000000000001 83.950000000000017 1.0000000180025095e-35 -0.19419554581878654 0.15463028324280015
decision_type=2 2 2 2 2 2 2 2 2 2 2 2 2 2 2 2 2 2 2 2 2 2 2 2 2 2 2 2 2 2 2 2 2 2 2 2 2 2 2 2 2 2 2 2 2 2 2
left_child=4 2 3 13 9 8 15 27 14 22 12 42 18 -2 46 31 17 -3 28 -5 21 -16 23 -1 -25 -26 33 38 -11 34 -10 -4 -33 -19 -8 36 -32 -38 39 -7 -20 -13 45 -17 -18 -9 -6
right_child=1 16 6 19 5 7 29 11 30 10 -12 41 -14 -15 20 43 44 26 40 -21 -22 -23 -24 24 25 -27 -28 -29 -30 -31 35 32 -34 -35 -36 -37 37 -39 -40 -41 -42 -43 -44 -45 -46 -47 -48
leaf_value=-0.045259069818125622 0.017141483475930096 -0.017740260243324309 0.078595757403387367 0.13746041453713867 -0.025603706753631252 -0.0049725556844362594 0.1725669167659519 0.35385867086843514 -0.033606324120578561 0.040784372046077016 -0.03536621608409448 -0.011626703373351845 0.15372103327464359 0.19148476894773744 0.18239047964684771 0.19093593259650277 -0.025480122230542319 0.083896870090929332 0.12043200323447337 0.36041878400835975 0.020368760069941681 0.050166465955582419 -0.039911901726188741 -0.005274053515810638 0.16129882361719464 0.010690591260791076 0.023225332855351784 -0.018058626277270336 -0.017928534891234985 0.2973463425850259 -0.0078900484031732884 -0.0050179586765270213 0.10126023806205842 0.24681623623688523 0.040741833424567775 -0.025517657995157907 -0.01398878754061708 0.12099475434122189 0.028563406052470354 0.22272170176293282 0.022466777318562961 0.12393710065675063 0.087398117663145203 0.058883786331692216 0.069871972954703529 0.11818758147042939 0.049855192121403297
leaf_weight=71.266800245270133 9.3082793466746825 12.603916745632887 10.206225864589213 3.243442818522456 14.89205425232649 2.287852929905057 9.5115609765052778 3.0785126555711031 65.833249773830175 15.372340334579347 63.798730760812759 2.8475152272731066 4.1340589746832839 3.33337727934122 7.1439111102372408 4.3793310150504094 52.296346783638 5.3111800253391266 6.8864072039723379 16.001265328377485 10.242207186296582 7.4086205307394266 352.43749055080116 59.359893169254065 4.1882658451795569 10.391007393598555 4.4065765179693699 9.7082677874714136 41.560476956889033 3.0210334062576285 10.655029969289901 24.095359614118937 2.9496661573648444 2.3616304788738489 3.3670709729194632 16.823251470923424 3.0894705541431904 5.9866164587438089 10.343224270269275 2.2927944790571919 7.1951087918132544 3.2962891981005669 2.2598323654383421 4.9306325856596231 2.7351283617317668 2.2578028105199319 5.9601905066519967
leaf_count=4569 569 743 607 127 933 139 454 175 4125 907 4063 178 218 163 360 255 3275 296 418 627 612 372 22547 3632 246 644 246 612 2556 145 640 1428 176 131 160 1071 182 351 629 138 439 207 128 297 171 129 369
internal_value=-9.83074e-05 0.0775861 0.140916 0.234667 -0.0166026 0.0187837 0.0901124 0.0875884 0.000480758 -0.0269776 -0.00331476 0.176452 0.0240031 0.0737795 0.0445109 0.0532178 0.00181391 0.0484138 0.0144219 0.331488 0.082815 0.12263 -0.0335647 -0.0179913 0.00854422 0.0615329 0.113519 0.0330699 -0.00164521 0.188614 -0.0193896 0.0301893 0.0097706 0.156719 0.143521 0.00642724 0.0335813 0.0782186 0.0653754 0.128485 0.0751843 0.0682739 0.245825 0.133495 -0.0195786 0.288535 -0.00274086
internal_weight=997.059 174.062 94.3472 31.8864 822.997 186.407 62.4609 38.3721 148.035 636.591 138.947 13.74 75.1484 12.6417 45.647 46.5612 79.7148 24.6833 71.0143 19.2447 24.7947 14.5525 497.643 145.206 73.9392 14.5793 12.0794 24.6321 56.9328 15.8997 102.388 37.2513 27.045 7.67281 12.8786 36.5544 19.7311 9.07609 14.9239 4.58065 14.0815 6.1438 7.59615 9.30996 55.0315 5.33632 20.8522
internal_count=61459 9870 5008 1486 51589 11350 3522 2335 9015 40239 8601 817 4538 732 2646 2763 4862 1416 4320 754 1344 732 31638 9091 4522 890 673 1518 3463 759 6369 2211 1604 427 614 2244 1173 533 906 277 857 385 432 552 3446 304 1302
is_linear=0
shrinkage=0.05


Tree=2
num_leaves=48
num_cat=0
split_feature=16 6 15 15 6 16 21 21 14 16 6 10 15 4 21 4 16 4 21 4 4 10 21 1 20 1 10 13 10 25 2 10 23 13 16 1 10 14 13 21 23 21 13 19 4 4 10
split_gain=489.953 239.427 141.07 121.944 80.6792 83.0169 62.8248 54.1542 43.8381 41.4014 55.7353 35.4941 32.3928 26.3933 25.3096 20.659 32.0585 30.6742 19.0675 18.8095 24.0708 27.7234 21.0571 16.6936 20.5096 14.6796 13.612 12.8469 12.5479 12.2558 12.0265 11.74 10.9376 19.5972 10.8142 9.61188 8.74564 8.80281 8.65514 8.49557 8.2428 8.16368 7.8451 7.78214 7.76989 28.7211 7.41647
threshold=6.5000000000000009 1.0000000180025095e-35 1.0000000180025095e-35 1.0000000180025095e-35 1.0000000180025095e-35 3.5000000000000004 0.65000000000000002 0.52500000000000013 1.0000000180025095e-35 3.5000000000000004 1.0000000180025095e-35 566.65000000000009 1.0000000180025095e-35 0.75000000000000011 0.52500000000000013 1.0000000180025095e-35 7.5000000000000009 -1.0000000180025095e-35 0.52500000000000013 1.0000000180025095e-35 -1.0000000180025095e-35 21.750000000000004 0.37500000000000006 8.6678322841276607 1.0000000180025095e-35 7.8199998361184671 144.85000000000005 8.0500000000000025 20.550000000000004 4.5000000000000009 -0.33568338272636661 5.4500000000000011 10.500000000000002 293.15000000000003 7.5000000000000009 7.3686992430943024 12.950000000000001 1.0000000180025095e-35 94.950000000000017 0.52500000000000013 16.500000000000004 0.52500000000000013 144.75000000000003 3.5000000000000004 1.0000000180025095e-35 -1.0000000180025095e-35 97.450000000000017
decision_type=2 2 2 2 2 2 2 2 2 2 2 2 2 2 2 2 2 2 2 2 2 2 2 2 2 2 2 2 2 2 2 2 2 2 2 2 2 2 2 2 2 2 2 2 2 2 2
left_child=3 2 6 9 5 19 15 44 18 -1 11 14 26 28 27 16 -2 42 34 20 -5 -22 -23 24 36 -19 39 -11 -14 -9 -13 -16 33 -33 -4 -26 -17 43 40 -3 -34 -6 -18 -38 45 -7 -46
right_child=1 12 8 4 41 7 -8 29 -10 10 -12 30 13 -15 31 23 17 25 -20 -21 21 22 -24 -25 35 -27 -28 -29 -30 -31 -32 32 38 -35 -36 -37 37 -39 -40 -41 -42 -43 -44 -45 46 -47 -48
leaf_value=-0.036749080716361189 0.025091287758914161 -0.026095490488511182 0.075377100389775131 -0.0023550272723369447 -0.027834397924529266 0.0077825056186245651 0.21373238409282502 0.24175184848745757 0.35840731876304793 0.022947832394805402 -0.037119520882024089 0.031450340815460727 0.035273179635575698 0.010375483929345286 -0.028396370523855682 -0.025924430799255906 0.10722432958819172 0.28827436598355455 0.27148056441080487 -0.0030112531358992907 0.0043083799890357025 0.048132462151513983 0.24441141151945867 0.11785750555672192 0.036379485014136174 0.08240244764553363 0.069833800499720905 -0.017778361172330514 0.17617000627938184 0.078043525182419179 0.16975035039617337 0.049589421946995206 -0.0053252619360835817 0.21065077260280807 0.1697887173191226 0.13362516409125649 -0.0095480928520145936 0.093275892961516019 -0.014510175619471556 0.020415507551536594 0.11094382192952637 0.011765733476826308 9.9708415234334101e-05 0.054211713986571985 0.033233919316084957 0.18780195552144832 0.11933500046720165
leaf_weight=390.88361111003906 7.5446582585573223 45.519424878060818 7.2868589535355666 10.354199161753058 62.145469401031733 4.1221386352553964 7.6868903432041398 6.5145071633160097 4.6127332914620629 26.096566785126925 101.52294598612934 3.2557043340057135 3.0708682239055642 10.439253514632583 3.4876994537189629 8.9925802685320395 3.1119169946759948 3.7169525232166025 4.7305786814540616 50.218934304080904 4.4482610048726201 3.0486975172534585 2.8963102418929338 6.6977537162601939 5.8729739058762771 2.3778348546475172 3.9776586536318055 67.140109380707145 4.5081050731241703 2.8793469965457916 3.5341658294200888 7.4660234320908803 2.3132727080956084 2.0622364412993193 12.559244154021142 5.500186201184988 12.269840234890586 3.5084137916564933 5.9051723778247833 11.642195437103508 3.0222190655767918 15.785690672695635 2.9278684519231319 6.604119772091507 19.202950690872971 4.0286269681528228 2.2341019809246054
leaf_count=25703 379 2841 276 624 3973 225 370 301 161 1533 6696 169 173 615 209 486 154 179 162 3054 255 182 155 326 310 116 235 4289 252 136 186 428 141 122 461 277 651 173 367 722 181 979 149 336 1070 208 114
internal_value=0.000711946 0.0738185 0.122593 -0.0161831 0.0190099 0.0464244 0.0851198 0.104073 0.215116 -0.0269184 -0.00981385 0.0126095 0.00778968 0.0648138 0.00570701 0.0679738 0.110923 0.158316 0.175261 0.0137519 0.0525997 0.102749 0.16518 0.0490202 0.0357873 0.23089 -0.00978836 -0.00625671 0.129847 0.203909 0.115986 0.0501197 0.0640036 0.101146 0.140403 0.0904073 0.0138071 0.0301961 0.0268287 -0.0164344 0.06765 -0.0197656 0.062685 0.0143671 0.066746 0.107559 0.0471258
internal_weight=989.728 185.159 106.001 804.569 187.879 109.948 76.812 38.9817 29.1894 616.69 225.806 124.283 79.1575 18.0182 117.493 69.1251 19.6792 12.1346 24.5767 70.9664 20.7475 10.3933 5.94501 49.4459 42.7481 6.09479 61.1393 93.2367 7.57897 9.39385 6.78987 24.2566 20.7689 9.52826 19.8461 11.3732 31.375 22.3824 11.2407 57.1616 5.33549 77.9312 6.03979 18.874 29.5878 8.15077 21.4371
internal_count=61104 9804 4966 51300 11276 6324 3906 2054 1060 40024 14321 7625 4838 1040 7270 3536 977 598 899 4270 1216 592 337 2559 2233 295 3798 5822 425 437 355 1448 1239 550 737 587 1646 1160 689 3563 322 4952 303 987 1617 433 1184
is_linear=0
shrinkage=0.05


Tree=3
num_leaves=48
num_cat=0
split_feature=16 6 11 11 5 5 21 5 5 5 5 5 6 21 25 4 16 6 21 10 16 6 16 10 4 4 10 11 3 2 16 4 25 16 23 10 10 21 4 21 10 3 23 16 3 11 4
split_gain=402.836 170.936 131.53 121.7 94.7229 110.71 66.3937 51.2364 59.2838 43.9988 36.8922 36.2572 34.5599 31.1711 26.9083 28.2295 26.8676 33.5123 25.0437 22.6646 21.2204 20.7398 19.462 18.8454 18.4035 20.3128 18.2552 17.1796 16.7043 16.4418 13.5094 13.4067 13.0832 12.9653 12.2849 12.2388 12.2293 12.0164 11.5339 11.3826 10.6357 10.5916 10.3757 10.1777 9.87419 9.60156 9.51844
threshold=6.5000000000000009 1.0000000180025095e-35 9.5500000000000025 5.2500000000000009 1.0000000180025095e-35 -1.0000000180025095e-35 0.52500000000000013 1.0000000180025095e-35 -1.0000000180025095e-35 1.0000000180025095e-35 1.0000000180025095e-35 -1.0000000180025095e-35 1.0000000180025095e-35 0.52500000000000013 2.5000000000000004 1.0000000180025095e-35 3.5000000000000004 1.0000000180025095e-35 0.52500000000000013 36.850000000000001 3.5000000000000004 1.0000000180025095e-35 11.500000000000002 13.850000000000003 1.0000000180025095e-35 -1.0000000180025095e-35 2591.1000000000008 2.6500000000000008 -0.10848677884185264 -0.62769777765834878 3.5000000000000004 -1.0000000180025095e-35 4.5000000000000009 4.5000000000000009 9.5000000000000018 20.850000000000005 124.45000000000002 0.52500000000000013 1.0000000180025095e-35 0.52500000000000013 120.95000000000002 1.7544591324952148 10.500000000000002 7.5000000000000009 -0.39545759081801496 195.85000000000005 -1.0000000180025095e-35
decision_type=2 2 10 10 2 2 2 2 2 2 2 2 2 2 2 2 2 2 2 2 2 2 2 2 2 2 2 10 2 2 2 2 2 2 2 2 2 2 2 2 2 2 2 2 2 10 2
left_child=2 3 4 10 5 33 19 8 -5 11 28 39 13 20 -12 -16 -4 18 26 30 41 -8 36 -22 25 -15 38 -13 -2 45 -7 -21 -17 -1 44 -35 37 -9 46 -3 -11 -6 -31 -10 -33 -20 -18
right_child=1 9 16 7 12 6 21 22 43 40 14 27 -14 24 15 32 17 -19 29 31 23 -23 -24 -25 -26 -27 -28 -29 -30 42 -32 34 -34 35 -36 -37 -38 -39 -40 -41 -42 -43 -44 -45 -46 -47 -48
leaf_value=-0.023502063533091869 0.15690688099429734 -0.027817705263073363 -0.040154716088969228 0.0054942558739792527 -0.028710076098833109 0.0038699357414773493 0.25895547787053147 -0.0089544846879553459 0.088328663525717277 -0.025814787871789875 0.058284647380633381 0.19388738184542553 -0.033259164083608059 0.019651107621199877 0.25524275092297349 0.15732622350656414 -0.018039988842886 -0.03980358435221474 0.03626135770976701 0.0056654984323977441 -0.02861002746097285 0.086643634165691999 0.14123455752940928 0.050261324897170383 0.024401554567237197 0.17329949318566992 0.09169291356376863 0.065159839049856449 0.29496310140269882 0.060413265644086771 0.077876173160819295 0.25755940913109465 0.046697417265065849 0.09584851165479738 0.0774682433368169 -0.010903253603444978 0.089718481027825536 0.055694601757003005 -0.027566297973721683 0.074941848270901307 0.047246878637880851 0.053195589448732261 -0.015412525175112671 0.19433973792686829 0.080868947778652223 0.17368376823455778 0.044068961189018874
leaf_weight=31.991530928760767 10.718957606703045 9.8811208549886924 315.15458689723164 8.7640733923763054 55.628278221935034 14.523148645646872 6.739516304805873 29.988367961719632 6.1483321804553297 49.045081968419254 12.222313309088351 3.9015639126300821 81.847409698180854 3.9701179172843695 5.1990831959992656 5.4721604138612747 11.230934316292405 81.282544243149459 3.0255546662956503 2.5444511203095308 10.245375955477355 4.0952608389779925 2.3859468940645447 23.214537418447435 18.91136516071856 4.5732666496187466 3.208723488263785 9.3394491728395206 6.7822326701134434 7.5370355444029 9.8614633493125421 2.405435542576015 6.6525653228163719 4.1149258557707054 7.9556700019165874 5.270348641090095 3.9792928397655478 8.3736067246645671 54.982856784947217 2.5830213297158489 4.6118591083213678 3.334652977064251 8.8947725258767587 11.393152130767701 2.7992025120183808 2.5656775385141373 11.649062778800726
leaf_count=2063 285 594 21579 494 3611 812 290 1687 187 3149 456 177 5485 226 191 204 721 5579 175 129 583 233 122 1284 1052 211 153 491 190 407 483 119 248 226 406 305 195 402 3557 150 261 215 536 328 150 145 703
internal_value=0.000218818 0.0639429 -0.0156967 0.101829 0.0108138 0.0524786 0.101105 0.0591821 0.113293 0.00700751 0.163647 0.0595353 -0.00841509 0.00868223 0.122062 0.161422 -0.0312912 -0.0160061 0.0029586 0.0682445 -0.00535087 0.20665 0.0255761 0.0259816 0.0544507 0.11144 -0.00999792 0.114042 0.223459 0.0490169 0.0356879 0.113632 0.104809 -0.00834131 0.132633 0.0406239 0.0159504 0.00621347 -0.0152981 -0.00253782 -0.0187855 -0.023268 0.0208382 0.16395 0.19088 0.116105 0.0141032
internal_weight=991 197.442 793.558 118.08 294.026 92.301 50.9241 71.0328 26.3056 79.3621 47.0473 25.7052 201.725 119.878 29.5461 17.3238 499.532 184.377 103.095 40.0894 92.4228 10.8348 44.7272 33.4599 27.4547 8.54338 81.0716 13.241 17.5012 22.023 24.3846 15.7048 12.1247 41.3768 13.1603 9.38527 42.3413 38.362 77.8629 12.4641 53.6569 58.9629 16.4318 17.5415 5.20464 5.59123 22.88
internal_count=61249 9811 51438 4989 17883 5216 2622 3415 1009 4822 1574 1412 12667 7182 1099 643 33555 11976 6397 2099 5693 523 2406 1867 1489 437 5134 668 475 1263 1295 804 452 2594 675 531 2284 2089 4981 744 3410 3826 943 515 269 320 1424
is_linear=0
shrinkage=0.05


Tree=4
num_leaves=48
num_cat=0
split_feature=16 6 5 5 11 11 5 5 11 11 10 10 16 0 3 6 10 21 5 23 21 2 11 16 16 10 2 16 5 21 2 5 5 0 3 23 10 5 14 5 2 10 2 25 3 10 21
split_gain=311.036 191.184 134.473 108.528 76.6125 75.9046 49.1165 67.2593 35.6079 32.9034 29.4617 29.2667 27.1513 38.0269 26.2414 22.328 20.6374 19.2718 18.116 15.9846 14.3385 14.1557 13.8421 13.7634 13.65 13.3049 13.022 12.6803 12.3504 12.0358 11.1333 9.84746 19.7667 9.06352 8.57021 8.43291 11.1835 7.86116 12.7162 8.15182 7.20166 11.8703 11.0086 7.13319 6.8582 8.47208 6.84959
threshold=4.5000000000000009 1.0000000180025095e-35 1.0000000180025095e-35 -1.0000000180025095e-35 5.6500000000000012 9.5500000000000025 1.0000000180025095e-35 -1.0000000180025095e-35 5.6500000000000012 2.6500000000000008 124.45000000000002 36.050000000000004 7.5000000000000009 3251.0500000000006 -0.1813027412023758 1.0000000180025095e-35 58.95000000000001 0.52500000000000013 1.0000000180025095e-35 9.5000000000000018 0.52500000000000013 -0.55399115211030125 523.35000000000002 8.5000000000000018 2.5000000000000004 1215.2500000000002 2.499775760737323 5.5000000000000009 -1.0000000180025095e-35 0.52500000000000013 -0.61194337159764201 1.0000000180025095e-35 -1.0000000180025095e-35 679.17000000000019 -0.29932249614050016 12.500000000000002 20.250000000000004 1.0000000180025095e-35 1.0000000180025095e-35 -1.0000000180025095e-35 -0.77150483541680537 128.75000000000003 -0.19463960912677744 3.5000000000000004 -0.36065632638165918 39.650000000000013 0.37500000000000006
decision_type=2 2 2 2 10 10 2 2 10 10 2 2 2 2 2 2 2 2 2 2 2 2 8 2 2 2 2 2 2 2 2 2 2 2 2 2 2 2 2 2 2 2 2 2 2 2 2
left_child=5 2 3 22 12 6 7 -1 46 10 18 29 40 35 19 17 20 25 27 -13 -6 -21 -2 -18 33 -8 37 -3 -29 -9 -22 32 -7 -19 -30 36 -14 38 39 -11 -4 42 -42 -26 -41 -46 -5
right_child=1 9 4 8 16 31 15 11 -10 26 -12 14 13 -15 -16 -17 23 24 -20 21 30 -23 -24 -25 43 -27 -28 28 34 -31 -32 -33 -34 -35 -36 -37 -38 -39 -40 44 41 -43 -44 -45 45 -47 -48
leaf_value=-0.021269089259389792 0.0097731753868408114 -0.018806206755500932 0.098323837272773024 0.15129469722720451 -0.019992154401191856 -0.045226458358401715 -0.018689186900386946 0.01464041802245266 0.11519020857979315 -0.041221201438678884 0.14830920077800133 0.23569092345961354 0.16196484980844883 0.22268553971925803 0.039136320735539999 -0.039355908035753256 0.024968271168359753 0.076845726417289373 -0.01043308665950337 0.0019029204886125792 0.093860675997187948 0.15173201427008809 0.077873720859713016 0.12147098174411136 0.033985075895763044 0.069665864158267851 0.079011712691535438 0.017976537488322893 0.041578708666072911 0.093274548431376669 0.0050812069663261142 -0.042012380209218429 -0.0030349491490690365 -0.014165929552513555 0.17720558790705238 0.027786226331274613 0.041598309917681091 -0.034886368720490578 0.081155643623374296 -0.025692418993073542 -0.0047910276615168966 0.12433705703879863 0.0550611327424856 0.13061116959972516 -0.00016524072288799077 0.095857893888615583 0.250592409683359
leaf_weight=31.208928809501231 18.780759343877438 3.7003036150708786 6.0298096146434537 11.266930593177678 54.068672039546072 53.764196184463799 67.523041269741952 18.058133808895949 29.853368505835533 14.776585049927235 3.5212077125906935 4.7527349535375851 3.6877978406846541 5.9287184476852408 6.7709314916282883 60.544665634632111 18.092919281683866 2.5286425277590778 27.505186316557229 2.7904699146747598 4.1808579917997113 2.7019461374729863 11.763584665954111 3.9318491816520682 4.8852477176114899 3.5688717998564234 2.0871593691408625 4.8155252840369931 2.7844841424375772 5.9250312205404034 11.485886491835116 263.1585283651948 56.611180599778891 11.268353668041525 2.9436428397893897 7.2019779160618773 4.9139250610023737 74.686804354190826 2.793184218928217 6.972393363714219 14.119181133806705 2.7070682477205983 15.474626902490854 3.6826876690611243 5.9128674082458001 2.752859934233129 10.54531332105398
leaf_count=2057 1064 212 281 274 3240 3860 4365 969 1086 986 198 195 121 185 338 4207 956 145 1782 129 200 125 468 192 235 210 134 262 122 251 576 18781 3745 660 121 243 165 5140 166 417 678 109 709 180 343 157 246
internal_value=-0.000321397 0.0344314 0.0628755 0.114053 0.0345986 -0.0228987 -2.94791e-05 0.0337231 0.157657 -0.00857435 0.0269174 0.0750932 0.0779995 0.122121 0.123718 -0.0159708 0.00565517 -0.000564863 0.0134492 0.171166 -0.00779269 0.0876279 0.0376381 0.0467233 0.038904 -0.0133489 -0.0232942 0.0572251 0.083226 0.0370229 0.0329832 -0.0367111 -0.0238081 0.00658029 0.127255 0.0733868 0.104697 -0.0259807 -0.00551693 -0.0158066 0.0505152 0.0389059 0.0272825 0.0848273 0.00924196 0.0371 0.208182
internal_weight=989.029 389.285 234.033 82.21 151.823 599.744 226.21 72.2082 51.6656 155.252 45.2703 40.9992 60.0631 21.7324 17.0161 154.002 91.7602 93.4568 41.7491 10.2452 69.7354 5.49242 30.5443 22.0248 22.3649 71.0919 109.982 14.244 10.5437 23.9832 15.6667 373.534 110.375 13.797 5.72813 15.8037 8.60172 107.895 33.2079 30.4147 38.3307 32.3009 29.5938 8.56794 15.6381 8.66573 21.8122
internal_count=61285 20833 10793 3138 7655 40452 14066 4064 1606 10040 2697 2007 2491 714 787 10002 5164 5795 2499 449 4016 254 1532 1148 1220 4575 7343 717 505 1220 776 26386 7605 805 243 529 286 7209 2069 1903 1777 1496 1387 415 917 500 520
is_linear=0
shrinkage=0.05


Tree=5
num_leaves=48
num_cat=0
split_feature=16 11 6 5 5 21 21 11 5 16 21 5 5 21 11 5 6 5 3 16 10 3 6 5 16 4 3 23 13 23 25 10 16 25 19 6 10 16 18 3 23 16 10 10 4 20 5
split_gain=327.95 119.208 111.303 80.4208 78.4767 62.7364 36.9751 35.9857 31.481 27.3417 27.1239 25.3703 31.4602 25.2596 25.1214 24.8449 21.9915 21.3642 23.2242 19.8352 19.4594 17.4967 16.0206 15.9587 15.1708 15.009 13.5056 12.0019 11.0616 10.3797 10.21 9.92986 9.73727 8.56455 13.611 8.06806 9.97262 9.93637 8.0045 10.5472 7.85378 7.70164 8.78439 8.05565 10.5747 7.57541 7.57039
threshold=6.5000000000000009 5.6500000000000012 1.0000000180025095e-35 1.0000000180025095e-35 -1.0000000180025095e-35 0.52500000000000013 0.52500000000000013 0.45000000000000007 1.0000000180025095e-35 2.5000000000000004 0.52500000000000013 1.0000000180025095e-35 -1.0000000180025095e-35 0.52500000000000013 16.450000000000003 1.0000000180025095e-35 1.0000000180025095e-35 -1.0000000180025095e-35 -0.28206206780474946 2.5000000000000004 36.850000000000001 2.4966661189274508 1.0000000180025095e-35 -1.0000000180025095e-35 3.5000000000000004 0.75000000000000011 -0.51240113162562573 20.500000000000004 115.95000000000002 5.5000000000000009 4.5000000000000009 120.95000000000002 4.5000000000000009 2.5000000000000004 2.5000000000000004 1.0000000180025095e-35 12.450000000000001 3.5000000000000004 3.5000000000000004 0.062802399893590891 13.500000000000002 7.5000000000000009 101.45000000000002 25.950000000000003 1.0000000180025095e-35 1.0000000180025095e-35 1.0000000180025095e-35
decision_type=2 10 2 2 2 2 2 10 2 2 2 2 2 2 10 2 2 2 2 2 2 2 2 2 2 2 2 2 2 2 2 2 2 2 2 2 2 2 2 2 2 2 2 2 2 2 2
left_child=1 3 5 4 32 7 20 25 10 -5 23 12 -3 21 -7 17 19 -9 -19 -14 24 35 -8 -4 -6 -2 -22 -15 -21 -28 -25 -10 -1 -34 -35 36 -11 -38 -39 -40 -30 -17 43 44 -43 -46 -16
right_child=2 11 8 9 6 14 22 15 31 13 -12 -13 16 27 46 41 -18 18 -20 28 26 -23 -24 30 -26 -27 29 -29 40 -31 -32 -33 33 34 -36 -37 37 38 39 -41 -42 42 -44 -45 45 -47 -48
leaf_value=-0.023456042514533211 0.13901975233048786 -0.037611523344088876 -0.027246259505085791 -0.029338076751670002 -0.0073985725575162475 0.1932464019521003 0.18821307365958195 0.0068472855495988741 -0.02366573680977796 -0.032525840287769267 0.13120312393912736 -0.038263234424519503 -0.0030118114504626156 0.035996188074820752 0.13757863382971619 -0.013309835284137065 -0.02438936128663001 0.04437868959503475 0.15346354236383358 0.09657866563529309 0.14805180683990821 0.10296472649685767 0.057453929854691992 0.020212865431538551 0.068667944807942097 0.068160599583163853 -0.024020045333531144 0.13743707104964945 0.056681874812069093 0.079031972935463476 0.117846803292355 0.046921199725718211 -0.021081325532939735 0.11941019483455313 -0.021232741542770793 -0.029132227546466022 -0.02517621809231645 0.0092650513543099926 0.10183213350306074 -0.004551794654787277 -0.018648908555215987 0.10299045412599922 0.099817986568964123 -0.013006230994688393 -0.018104772987523689 0.073527878224259269 0.056289924960578858
leaf_weight=28.313739292323589 15.969076985493301 67.728907041251659 9.6246369285509026 87.696560950018466 13.937996378168465 14.260862693190576 9.4132005274295789 8.5291390456259268 46.990467207506299 12.664329236373304 6.4087880179285994 340.16278516501188 23.082913743332028 20.824857372790579 5.3367842063307753 14.963958472944794 29.373267532326281 10.907505597919227 9.9308745674788934 10.869520816951992 7.0232401136308935 2.58015212137252 4.5377524029463521 8.1116293687373382 11.090324710123239 20.544847454875708 2.7163331117480984 2.7175019942224017 7.3730877833440882 8.9890792593359929 3.4426497146487245 4.6269363630563012 4.0413517868146283 3.4065131433308125 2.3927885945886374 31.456522388383746 8.7820783127099258 13.945054362528028 6.2028036462143046 3.3216080944985151 5.2350414199754596 3.87110028788448 2.9799476806074372 10.86088273487985 6.6456959201022965 2.2210204284638166 10.171269925311206
leaf_count=1901 388 4925 595 5973 758 346 273 463 3166 754 302 24542 1507 1074 167 832 2016 258 216 622 255 152 220 356 462 512 119 135 431 404 151 246 213 179 129 2246 563 727 322 165 319 175 128 567 384 123 440
internal_value=-0.00043035 -0.0157256 0.0538076 0.00984168 0.0469335 0.0808947 0.0832223 0.062065 0.00646582 -0.00900145 0.0486328 -0.030831 -0.0130901 0.00851429 0.144618 0.0403531 0.0089863 0.0747897 0.101012 0.0301118 0.0582645 -0.00519494 0.152369 0.0188577 0.0276506 0.10203 0.0957007 0.0528284 0.0614711 0.0551096 0.0563731 -0.0165669 -0.00867638 0.032089 0.0667928 -0.0101325 0.00351846 0.0182246 0.03483 0.0678238 0.0263317 0.0148231 0.0305705 0.0181238 0.0436815 0.00997406 0.0909033
internal_weight=986.277 769.879 216.398 286.054 95.8623 137.193 57.7079 107.424 79.2051 190.191 27.5877 483.826 143.663 102.495 29.7689 70.9101 75.9338 29.3675 20.8384 46.5606 43.757 78.9525 13.951 21.1789 25.0283 36.5139 18.7287 23.5424 23.4777 11.7054 11.5543 51.6174 38.1544 9.84065 5.7993 76.3724 44.9159 32.2515 23.4695 9.52441 12.6081 41.5426 26.5786 23.5987 12.7378 8.86672 15.5081
internal_count=61201 51386 9815 17024 4913 4999 2491 4046 4816 12111 1404 34362 9820 6138 953 3146 4895 937 474 2879 1998 4929 493 1102 1220 900 778 1209 1372 523 507 3412 2422 521 308 4777 2531 1777 1214 487 750 2209 1377 1249 682 507 607
is_linear=0
shrinkage=0.05


Tree=6
num_leaves=48
num_cat=0
split_feature=16 6 5 5 11 11 5 5 11 14 10 16 4 4 4 5 10 16 10 16 16 3 4 4 11 10 4 2 5 5 6 6 4 4 18 2 10 13 10 16 5 7 2 23 19 16 3
split_gain=298.178 150.987 97.0128 63.5016 53.026 44.4667 37.2327 37.0321 30.5155 29.3412 28.4858 22.576 32.8905 20.6076 23.2344 19.0574 17.9062 17.4486 16.1609 15.8779 15.7789 13.9268 12.2786 27.5245 12.1504 11.4053 10.4441 11.3932 9.93701 16.1857 9.62383 9.11695 8.7347 13.0782 11.7267 16.1383 8.3239 9.80576 13.2395 7.98803 8.99669 7.41773 7.3609 12.174 9.55285 7.31867 7.26982
threshold=4.5000000000000009 1.0000000180025095e-35 1.0000000180025095e-35 -1.0000000180025095e-35 8.5500000000000025 5.6500000000000012 1.0000000180025095e-35 -1.0000000180025095e-35 2.6500000000000008 1.0000000180025095e-35 124.45000000000002 8.5000000000000018 1.0000000180025095e-35 1.0000000180025095e-35 -1.0000000180025095e-35 1.0000000180025095e-35 101.45000000000002 3.5000000000000004 204.00000000000003 1.5000000000000002 7.5000000000000009 0.072028540624781826 -1.0000000180025095e-35 1.0000000180025095e-35 inf 19.650000000000002 -1.0000000180025095e-35 -0.3291449563374082 1.0000000180025095e-35 -1.0000000180025095e-35 1.0000000180025095e-35 1.0000000180025095e-35 1.0000000180025095e-35 -1.0000000180025095e-35 3.5000000000000004 -0.19463960912677744 54.050000000000004 87.950000000000017 83.15000000000002 5.5000000000000009 -1.0000000180025095e-35 1.0000000180025095e-35 -0.43653472265461674 6.5000000000000009 1.5000000000000002 8.5000000000000018 -0.71727271306420148
decision_type=2 2 2 2 10 10 2 2 10 2 2 2 2 2 2 2 2 2 2 2 2 2 2 2 8 2 2 2 2 2 2 2 2 2 2 2 2 2 2 2 2 2 2 2 2 2 2
left_child=4 2 3 13 6 11 7 -1 10 22 15 12 26 14 -2 39 32 31 30 -20 -18 -13 -5 -24 -15 -19 27 -4 29 -6 36 -9 33 -7 35 -35 -8 -38 -39 -3 -41 42 43 -14 -44 -10 -25
right_child=1 8 5 9 28 16 18 17 45 -11 -12 21 41 24 -16 -17 20 25 19 -21 -22 -23 23 46 -26 -27 -28 -29 -30 -31 -32 -33 -34 34 -36 -37 37 38 -40 40 -42 -43 44 -45 -46 -47 -48
leaf_value=-0.019841955104695802 0.010011242371394113 -0.0088172374131001829 0.1012574764904771 0.039816127996246058 -0.043715294532519551 -0.014923609427130159 -0.021182171572609043 0.051902917582491874 -0.029195173970395456 0.21156452019486338 0.13330874277458252 0.068951889354102611 0.06824969645632166 -0.017315517909869384 0.16275023443420256 -0.014551683916163153 0.016735783709024985 0.025121203576210272 -0.038448858631776092 0.090205576497807333 0.13391516761367983 0.17598961536590813 0.19834195296757548 0.030315330036850191 0.055452159213631474 0.14210029804351018 0.13512010530111346 -0.011527691160867009 -0.041883402188321775 -0.0046599114250046132 -0.039957190255464299 0.00035075222839291219 -0.011738219005878231 0.14588768970499519 0.00093953636129903695 -5.8041889631338538e-07 -0.0098112310129679515 0.11480379127024916 -0.021787811384078204 0.015690374368634293 0.10481160787991872 -0.021661979296636456 -0.0083052878575908384 -0.034771461744302061 0.073420727587672763 0.0035253516653371733 0.10203662301819814
leaf_weight=29.757095160894096 4.7290550377219915 3.7700858470052472 3.5914429575204849 7.6692494787275782 49.486431097611785 11.521187117323279 66.455498629249632 22.247166192159057 84.878195294179022 8.0552394669502956 4.4268436897546044 10.997998774051668 3.189201802946628 15.384372204542162 4.60845724865794 26.621774474158883 7.8554223477840406 3.5848929230123741 3.1204608026891929 5.3798681041225791 3.8643106985837221 5.1384823936969033 8.1617087908089143 5.0588529948145142 7.8587431926280251 6.4895495641976595 8.9063074942678213 4.0142209958285102 243.86045919265598 56.469923313707113 54.919719379395247 13.611320038326083 56.476468680426478 4.3353072460740805 5.7517988029867411 2.9403418134897947 12.425514702685179 3.5310844406485549 2.4650674015283585 5.0114015936851493 7.0030505098402491 9.1281023854389769 4.8236247645691046 8.0951752318069321 11.011559964157639 21.084448331035674 36.789104260504246
leaf_count=2049 220 210 145 208 3849 661 4252 911 6007 153 209 311 131 875 190 1773 376 138 211 303 150 122 191 130 241 226 297 145 18810 3739 4048 708 3385 209 297 153 798 210 149 263 249 381 198 337 427 1341 930
internal_value=-0.000855057 0.0315125 0.0546266 0.0935944 -0.0241521 0.0304955 -0.00512172 0.0232219 -0.00791177 0.121642 0.0253501 0.0606192 0.0433309 0.0350698 0.0938459 0.0112687 0.00770999 0.0509486 -0.0196468 0.0439009 0.0628635 0.111318 0.105692 0.114815 0.00856047 0.106502 0.0996836 0.0473079 -0.036288 -0.0231387 -0.0237951 0.0328749 -0.000936735 0.0233999 0.0559401 0.0940535 -0.012994 0.0161144 0.063562 0.053089 0.0716998 0.0156733 0.0285634 -0.00246987 0.0495112 -0.0227124 0.0942763
internal_weight=986.556 412.752 259.956 98.3148 573.804 161.641 223.987 75.69 152.796 65.7342 46.8332 68.8961 52.7596 32.5806 9.33751 42.4063 92.7448 45.9329 148.297 8.50033 11.7197 16.1365 57.6789 50.0097 23.2431 10.0744 16.512 7.60566 349.817 105.956 139.797 35.8585 81.0251 24.5486 13.0274 7.27565 84.8772 18.4217 5.99615 15.7845 12.0145 36.2477 27.1196 11.2844 15.8352 105.963 41.848
internal_count=61316 20915 10863 3138 40401 7725 14003 4032 10052 1612 2704 2494 2061 1526 410 2495 5231 1983 9971 514 526 433 1459 1251 1116 364 587 290 26398 7588 9457 1619 4705 1320 659 362 5409 1157 359 722 512 1474 1093 468 625 7348 1060
is_linear=0
shrinkage=0.05


Tree=7
num_leaves=48
num_cat=0
split_feature=16 6 11 11 5 6 5 11 14 10 5 5 14 16 4 4 16 2 3 10 5 5 4 20 5 5 6 23 4 4 5 11 13 23 2 13 0 4 5 23 3 0 18 23 5 14 16
split_gain=260.094 130.946 73.9236 60.0205 48.4723 35.1975 28.9009 27.7469 25.5199 23.7737 19.0021 23.8439 16.8354 15.9516 12.8326 18.32 12.8058 12.1725 16.0201 11.9848 11.608 11.0692 10.7502 10.9271 9.92813 16.4081 10.8149 9.87607 9.62018 10.5666 9.35375 9.20263 9.08912 8.88327 8.4017 11.0543 11.422 8.34901 8.91522 9.937 8.38798 11.829 8.24133 9.80121 7.96628 12.8534 9.25984
threshold=4.5000000000000009 1.0000000180025095e-35 5.8500000000000005 10.750000000000002 1.0000000180025095e-35 1.0000000180025095e-35 -1.0000000180025095e-35 2.2500000000000004 1.0000000180025095e-35 2944.1000000000008 1.0000000180025095e-35 -1.0000000180025095e-35 1.0000000180025095e-35 11.500000000000002 -1.0000000180025095e-35 1.0000000180025095e-35 2.5000000000000004 2.2580490963731048 0.33757284575543606 566.65000000000009 1.0000000180025095e-35 1.0000000180025095e-35 0.75000000000000011 1.0000000180025095e-35 1.0000000180025095e-35 -1.0000000180025095e-35 1.0000000180025095e-35 12.500000000000002 1.0000000180025095e-35 -1.0000000180025095e-35 -1.0000000180025095e-35 47.350000000000001 117.65000000000002 18.500000000000004 -0.59219260696353293 142.95000000000002 3100.0700000000002 1.0000000180025095e-35 -1.0000000180025095e-35 1.5000000000000002 -0.14660364818579222 1670.7750000000003 3.5000000000000004 10.500000000000002 1.0000000180025095e-35 1.0000000180025095e-35 9.5000000000000018
decision_type=2 2 10 10 2 2 2 10 2 2 2 2 2 2 2 2 2 2 2 2 2 2 2 2 2 2 2 2 2 2 2 10 2 2 2 2 2 2 2 2 2 2 2 2 2 2 2
left_child=3 2 8 5 6 9 31 12 17 10 11 32 22 19 -13 -16 -12 18 37 28 30 -10 23 -3 25 -5 -27 -25 29 -6 -7 -4 -1 -32 -18 -36 -37 40 -39 -40 41 -2 43 -31 45 46 -9
right_child=1 7 4 24 13 20 -8 44 21 -11 16 14 -14 -15 15 -17 34 -19 -20 -21 -22 -23 -24 27 -26 26 -28 -29 -30 42 33 -33 -34 -35 35 36 -38 38 39 -41 -42 -43 -44 -45 -46 -47 -48
leaf_value=-0.038209351991315428 0.087844974599413608 0.01579096271010386 0.078501364437156884 -0.043354813016176837 -0.014955761034848209 -0.032730011420388554 0.086360010285847597 -0.022028125152069204 0.19147361164107307 0.11304094566534487 -0.019874354457283971 -0.014778227452039334 0.1046837985702843 0.10361919636604609 0.15716305780670958 0.049660907630139764 -0.018846149963121471 -0.012305407695500233 0.11426418428085326 0.05991944370008772 -0.040087173840095275 0.086916453971187982 -0.008873084900129561 0.011641387498601044 -0.040966556329939605 0.01365668716958255 -0.030649439078181819 0.15299516164013882 -0.016904844973118272 0.13221307355008946 0.039403030333626729 -0.0075204005979566174 0.036018024736841125 -0.040170181108492437 0.010809281594788174 0.017635053988831424 0.14000568618932441 -0.0047938912396712904 0.12637217041237089 0.047895250888146688 0.1345169462679959 0.001280419196348492 0.0010941990910500932 0.021355113518960689 -0.030602575022956449 0.081677519388673139 0.058576641528616108
leaf_weight=11.03459938708693 12.911100460216408 13.970624134875836 2.8691300349310067 47.180407935753465 11.535103531554341 12.9386054398492 39.331120574846864 26.794025795534257 6.5260708946734658 4.7892215652391306 52.436175564303994 4.489476932212713 4.7845844002440563 2.8803919553756705 4.50975841470063 21.237132219597697 9.9171519279479963 4.0296876560896626 20.011089209467173 6.6471914146095505 55.738353901542723 8.7030261559411866 23.951446363702416 2.2074848394840947 231.68414408434182 34.688938343897462 21.44555766414851 2.4356113411486149 56.399586451239884 3.3672711495310068 13.926420114003124 15.138843723572789 5.3449122067540875 3.7029540920630089 17.643266906961802 4.1113987574353805 3.1921452702954412 6.4938644133508197 4.0467476341873398 44.918025052174926 6.7662947829812756 5.5511652529239646 5.7334521468728781 4.5324285067617893 71.19916717428714 3.1530421879142514 3.1152935707941642
leaf_count=779 360 764 158 3831 670 930 1065 1740 113 234 3602 172 257 118 151 790 562 110 602 253 4261 233 1389 124 18621 2222 1512 134 3415 148 692 858 354 195 1051 223 164 235 124 1425 186 153 300 212 5301 173 168
internal_value=0.000491635 0.0301954 0.0511163 -0.0218001 0.0272412 -0.00180697 0.0628285 -0.0069322 0.0801898 0.0137652 0.00940324 0.0348165 0.0244785 0.00440216 0.0604783 0.0736626 -0.00440737 0.070134 0.0735216 3.73934e-05 -0.0267044 0.140759 0.0132669 0.0407558 -0.0351836 -0.021947 -0.00351016 0.0997629 -0.00550916 0.0196976 -0.00180509 0.00959394 -0.0133089 0.02143 0.0187608 0.033861 0.0815392 0.062142 0.0496133 0.0567805 0.0867416 0.0632202 0.0480364 0.078155 -0.0212942 -0.000938867 -0.012009
internal_weight=980.013 420.003 268.392 560.011 148.435 225.012 57.3391 151.611 119.957 138.705 133.916 46.6159 47.3498 91.0954 30.2364 25.7469 87.3001 104.728 100.698 88.215 86.3063 15.2291 42.5652 18.6137 334.999 103.315 56.1345 4.6431 81.5678 25.1683 30.568 18.008 16.3795 17.6294 34.864 24.9468 7.30354 80.6872 55.4586 48.9648 25.2286 18.4623 13.6332 7.8997 104.262 33.0624 29.9093
internal_count=61134 20788 10738 40346 7197 14160 2081 10050 3541 8082 7848 2246 2668 5116 1113 941 5602 3195 3085 4998 6078 346 2411 1022 26186 7565 3734 258 4745 1330 1817 1016 1133 887 2000 1438 387 2483 1784 1549 699 513 660 360 7382 2081 1908
is_linear=0
shrinkage=0.05


Tree=8
num_leaves=48
num_cat=0
split_feature=16 6 14 21 6 4 4 5 5 5 14 10 5 21 4 4 16 5 5 5 5 3 4 4 21 13 16 13 0 5 13 7 5 10 21 23 25 13 0 3 3 23 5 10 16 3 16
split_gain=242.037 123.695 60.2377 43.9967 37.1422 35.3389 37.9013 27.7023 40.8482 22.2296 24.9102 20.7359 18.8943 17.7136 17.1036 24.9808 18.2308 16.0958 13.5085 23.5364 12.8926 11.6698 11.3002 13.3854 10.7025 10.4985 10.1164 10.0865 10.0638 7.99462 7.82206 12.1701 7.59945 7.43534 7.24223 7.23721 8.81105 7.20671 6.94004 6.81295 8.15392 6.62056 6.60891 6.53715 6.45897 6.18441 5.78772
threshold=4.5000000000000009 1.0000000180025095e-35 1.0000000180025095e-35 0.52500000000000013 1.0000000180025095e-35 1.0000000180025095e-35 -1.0000000180025095e-35 1.0000000180025095e-35 -1.0000000180025095e-35 1.0000000180025095e-35 1.0000000180025095e-35 77.750000000000014 1.0000000180025095e-35 0.52500000000000013 -1.0000000180025095e-35 1.0000000180025095e-35 3.5000000000000004 -1.0000000180025095e-35 1.0000000180025095e-35 -1.0000000180025095e-35 -1.0000000180025095e-35 -0.6005228685755738 1.0000000180025095e-35 -1.0000000180025095e-35 0.37500000000000006 125.85000000000001 8.5000000000000018 302.85000000000008 2292.6950000000002 1.0000000180025095e-35 1.0000000180025095e-35 1.0000000180025095e-35 -1.0000000180025095e-35 3642.7500000000005 0.52500000000000013 12.500000000000002 2.5000000000000004 342.15000000000003 11474.690000000002 0.025896193974184922 -0.5718859230321548 13.500000000000002 1.0000000180025095e-35 20.850000000000005 6.5000000000000009 -0.13190550788712604 2.5000000000000004
decision_type=2 2 2 2 2 2 2 2 2 2 2 2 2 2 2 2 2 2 2 2 2 2 2 2 2 2 2 2 2 2 2 2 2 2 2 2 2 2 2 2 2 2 2 2 2 2 2
left_child=4 2 3 5 7 6 44 8 -1 10 17 30 20 33 -10 39 -17 -3 19 -7 -5 -21 23 -15 41 -23 -20 34 -29 32 -8 -32 -6 38 45 36 -28 -27 -9 40 -16 42 -4 -18 -2 -19 -40
right_child=1 9 24 12 29 18 11 13 14 -11 -12 -13 -14 22 15 16 43 27 26 21 -22 25 -24 -25 -26 37 35 28 -30 -31 31 -33 -34 -35 -36 -37 -38 -39 46 -41 -42 -43 -44 -45 -46 -47 -48
leaf_value=-0.028722020848408133 -0.014723917122424846 -0.027403340195548527 0.14409046990972516 0.046201350941360242 -0.041369138400347193 -0.018774199596198051 0.11748097227137165 -0.032866674613831283 -0.0269404949804678 -0.02220283431450823 0.10933982422083705 0.17992795440690326 0.052284318356511199 -0.012938243616964601 0.049614977135214122 0.0095944958327212216 0.022286092060833426 -0.034154396424153181 -0.010505170060405904 0.00061382250518809576 0.13901470769382582 0.093327777548823557 -0.011582700669086456 0.076109448526661433 0.13764004994701926 -0.0039918255055958951 -0.0032913827140958773 0.01790240225260591 0.1473175115491881 -0.044542622651911785 0.07153354665635335 -0.01645410233355854 -0.0083311806653231513 0.028734521600537383 0.059104819218737892 -0.0050484900679579033 0.098694221930594295 0.069150371439568689 -0.019361587477395345 0.038015016885406379 0.1791663540077176 0.0327863472572461 0.047515947243527867 0.11068411991874115 0.033770084793028503 0.027140357259115178 0.066657684953096694
leaf_weight=42.323524698615074 11.410107033327224 20.374256365932521 4.0612847572192559 6.6862731501460084 31.439566555432975 15.974277921020983 6.6712677925825146 159.06437392067164 9.3824504893273097 98.942168596200645 5.5452601509168735 5.2506226748228064 36.984556028619409 6.9498480428010216 2.9651887156069279 36.8988267024979 3.7648158445954305 7.9253672147169745 61.891917459666729 8.404961219057439 14.824434192851186 16.085752954706553 33.45697267819196 8.835009058006106 17.615922636352479 7.2098636794835311 3.1767960637807828 3.3643803019076577 2.279935410246253 147.14253873471171 15.998847024515273 4.685979224741458 38.952722056768835 4.6620520353317252 4.8972902167588463 6.5575043326243749 4.9976712223142385 5.1559769045561552 3.8130611386150113 3.4924612548202276 3.99165973626077 7.7926446720957747 5.0575527409091601 6.3956892313435674 14.713256720453499 6.6690487219020778 2.4116056663915515
leaf_count=3321 611 1332 81 264 2547 802 206 12337 485 7195 252 154 1387 498 128 1932 162 421 3407 199 277 354 2369 516 509 175 135 180 114 12148 555 171 2402 301 223 270 207 120 298 168 185 243 193 250 485 321 163
internal_value=0.000223185 0.0281878 0.0476911 0.0387238 -0.0218754 0.0266943 0.0585339 -0.0112052 0.00931091 -0.00844969 0.0181175 0.0936813 0.0763244 -0.0214234 0.0334438 0.0435875 0.0268084 0.00489047 0.0119116 0.0311083 0.113499 0.0526531 0.00490777 0.038468 0.108865 0.0674833 -0.00155437 0.0311135 0.084482 -0.037859 0.0713659 0.0517611 -0.0234598 -0.0290368 0.0122908 0.0343272 0.0630214 0.029397 -0.0308292 0.110212 0.137123 0.0728802 0.100517 0.0828613 0.012827 -0.00620093 0.0185782
internal_weight=977.148 431.205 281.207 246.68 545.942 188.185 58.7301 328.408 109.215 149.998 51.0555 32.6067 58.4953 219.193 66.8911 57.5086 47.0593 45.5103 129.455 52.8308 21.5107 36.8566 49.2418 15.7849 34.5274 28.4516 76.6239 25.136 5.64432 217.535 27.3561 20.6848 70.3923 169.951 19.4917 14.732 8.17447 12.3658 165.289 10.4493 6.95685 16.9115 9.11884 10.1605 26.1234 14.5944 6.22467
internal_count=61053 20843 10805 9779 40210 7851 2182 23113 6631 10038 2843 1086 1928 16482 3310 2825 2344 2591 5669 1650 541 848 3383 1014 1026 649 4019 1259 294 17097 932 726 4949 13099 965 612 342 295 12798 481 313 517 274 412 1096 742 461
is_linear=0
shrinkage=0.05


Tree=9
num_leaves=48
num_cat=0
split_feature=11 5 14 6 5 14 6 5 21 5 21 21 4 18 4 2 18 18 21 3 4 25 5 5 3 13 2 11 6 18 3 4 4 21 13 10 10 3 10 25 25 23 4 25 20 23 4
split_gain=142.455 68.153 66.7501 52.3406 43.9544 43.0464 39.5324 32.8654 30.5122 27.5045 27.1774 15.9841 15.8806 15.3058 14.5621 13.7066 13.2035 11.0525 10.5655 13.0906 10.1758 10.0713 9.85553 13.7753 9.69177 9.68166 12.2927 9.07961 8.65026 8.47526 11.0915 7.92328 20.7412 7.52251 8.20704 7.11264 6.92062 6.8058 8.44864 6.77082 6.5268 6.45349 7.65723 7.43851 8.46738 8.06022 6.42047
threshold=5.6500000000000012 1.0000000180025095e-35 1.0000000180025095e-35 1.0000000180025095e-35 -1.0000000180025095e-35 1.0000000180025095e-35 1.0000000180025095e-35 1.0000000180025095e-35 0.52500000000000013 -1.0000000180025095e-35 0.52500000000000013 0.52500000000000013 1.0000000180025095e-35 2.5000000000000004 -1.0000000180025095e-35 1.2862992125721389 1.0000000180025095e-35 4.5000000000000009 0.52500000000000013 -0.25809048820667657 1.0000000180025095e-35 3.5000000000000004 1.0000000180025095e-35 -1.0000000180025095e-35 0.66500137425195716 124.25000000000001 0.62188023660966329 0.45000000000000007 1.0000000180025095e-35 2.5000000000000004 0.3079288580394019 -1.0000000180025095e-35 1.0000000180025095e-35 0.30000000000000004 210.25000000000003 22.350000000000005 177.65000000000001 -0.092971048618169613 24.750000000000004 1.5000000000000002 4.5000000000000009 17.500000000000004 -1.0000000180025095e-35 4.5000000000000009 1.0000000180025095e-35 9.5000000000000018 0.75000000000000011
decision_type=10 2 2 2 2 2 2 2 2 2 2 2 2 2 2 2 2 2 2 2 2 2 2 2 2 2 2 10 2 2 2 2 2 2 2 2 2 2 2 2 2 2 2 2 2 2 2
left_child=1 2 4 5 27 7 10 9 28 -2 16 20 14 -14 -12 18 -3 -10 36 -20 -9 37 23 -5 -8 41 33 46 31 -25 -31 -6 -33 -27 -35 -23 -11 38 -7 -30 -41 43 -43 44 -18 -46 -1
right_child=3 6 -4 22 8 21 24 11 17 15 12 -13 13 -15 -16 -17 25 -19 19 -21 -22 35 -24 29 -26 26 -28 -29 39 30 -32 32 -34 34 -36 -37 -38 -39 -40 40 -42 42 -44 -45 45 -47 -48
leaf_value=0.034951326959803297 -0.019603551762886334 -0.026048343967013717 0.15418360388312868 -0.041778685196967577 -0.0016922079626043693 0.10556263070711627 -0.027999092741185345 -0.0085174360179675022 0.079684505406568948 0.005239242537633298 0.032033287768815623 0.0053759740089082911 -0.006549755021056672 0.066624278707305737 0.1388148272833831 0.080148968967609174 0.011408085691297717 0.16792421110534916 0.095094795587986447 -0.0035187531985937243 -0.035534342565701621 0.03879610560344865 -0.041596532165650464 -0.020841823138152374 0.018077928043813415 0.079914454732492077 0.087599479166697872 -0.035855628746270671 0.054117078639027386 0.00036774069658549499 0.081821830176127944 0.13308390563408998 0.041077924720927694 0.051974802536747612 -0.013755694738219144 0.13313571748324649 0.06989050668390602 -0.016708412931156404 0.001435704512340402 -0.031061614818022599 0.029476415628605764 0.047484358120066392 -0.034844921758044552 -0.013224515492185597 0.019338350190827771 0.11262494296069792 -0.0069726612653959394
leaf_weight=15.817161296494303 42.367131342180073 21.231959294527769 12.86391596868634 32.915972179733217 5.9183790851384392 3.1414833907037973 71.727057009004056 51.028762659989297 18.987427419051532 50.750637914054096 6.1636922918260098 47.876728429459035 13.542355085723104 13.754568421281872 7.9104626905173046 10.74471299163997 26.112765181809664 5.5288410577923051 8.1710675256326777 5.2067074719816437 114.47542444337159 4.5292625259608013 154.35557272192091 19.071480807848275 12.823031353764234 3.1943086283281472 8.3442560071125609 12.410268479958175 6.1322321612387922 13.652055935002865 5.0289759375154963 7.0604310873895875 33.635766755789518 5.7792313732206848 14.949180257506667 5.4844675539061427 3.530616200529038 4.7294592419639248 3.7310155555605888 8.9629807155579346 7.0644486211240283 2.5521528618410239 14.287891534157097 16.052511907182634 5.3793239053338748 3.884482566267252 19.390806484036148
leaf_count=830 3148 1453 258 2697 178 141 5467 3619 482 2225 245 3120 680 451 233 432 1328 97 291 198 8866 185 13003 1318 969 137 350 842 290 861 280 159 899 264 691 196 137 201 166 414 320 125 734 788 257 191 1097
internal_value=0.000132916 0.0230033 0.0490357 -0.0156882 0.0384177 -0.00372349 0.00670947 -0.00821865 0.0581928 0.0125583 0.0210491 -0.0199819 0.0555602 0.0313731 0.0972778 0.0299657 0.00896674 0.105385 0.020945 0.0591386 -0.0273056 0.0630569 -0.0345045 -0.0186498 -0.0208813 0.0165452 0.0386778 -0.000724619 0.0401006 0.00207377 0.0253386 0.0521641 0.0598491 0.0187838 0.00611905 0.0978622 0.0106326 0.0276344 0.0563961 0.0135676 -0.0042141 0.00567699 -0.0204054 0.0144438 0.027017 0.065617 0.0123068
internal_weight=982.253 401.462 153.773 580.792 140.909 355.767 247.689 334.152 93.2905 120.771 163.139 213.381 41.3711 27.2969 14.0742 78.4037 121.768 24.5163 67.659 13.3778 165.504 21.6157 225.024 70.6685 84.5501 100.536 32.267 47.6182 68.7742 37.7525 18.681 46.6146 40.6962 23.9227 20.7284 10.0137 54.2813 11.602 6.8725 22.1597 16.0274 68.2691 16.84 51.4291 35.3766 9.26381 35.208
internal_count=61313 20229 5866 41084 5608 22925 14363 22036 2839 6431 7927 15605 1609 1131 478 3283 6318 579 2851 489 12485 889 18159 5156 6436 4865 1442 2769 2260 2459 1141 1236 1058 1092 955 381 2362 508 307 1024 734 3423 859 2564 1776 448 1927
is_linear=0
shrinkage=0.05


Tree=10
num_leaves=48
num_cat=0
split_feature=17 11 11 6 21 6 4 4 5 21 6 13 21 17 17 5 5 4 4 5 5 2 5 10 11 10 23 17 2 10 13 3 23 23 21 11 10 10 10 5 5 2 17 10 13 10 23
split_gain=200.294 83.7832 57.5865 45.9363 40.6593 29.0884 23.6877 35.7406 18.7677 18.4895 17.5949 17.4524 14.085 13.8917 13.2405 13.1664 12.6272 11.2604 20.1547 10.3921 17.2643 10.0459 9.58662 12.2366 12.3511 8.56464 16.6382 8.55495 8.45605 8.38117 9.53141 8.51041 8.27347 10.9727 8.16519 13.9901 8.15742 8.07771 7.91742 7.57304 10.0991 7.47068 7.13855 8.11496 6.96664 6.91068 6.8225
threshold=4.5000000000000009 5.8500000000000005 9.5500000000000025 1.0000000180025095e-35 0.52500000000000013 1.0000000180025095e-35 1.0000000180025095e-35 -1.0000000180025095e-35 1.0000000180025095e-35 0.52500000000000013 1.0000000180025095e-35 149.95000000000002 0.52500000000000013 6.5000000000000009 11.500000000000002 -1.0000000180025095e-35 1.0000000180025095e-35 -1.0000000180025095e-35 1.0000000180025095e-35 1.0000000180025095e-35 -1.0000000180025095e-35 2.499775760737323 1.0000000180025095e-35 37.650000000000013 1.0500000000000003 40.95000000000001 10.500000000000002 9.5000000000000018 -0.27138398045203466 53.45000000000001 275.45000000000005 -0.45552871679961432 19.500000000000004 9.5000000000000018 0.52500000000000013 129.55000000000004 29.950000000000003 124.45000000000002 124.45000000000002 1.0000000180025095e-35 -1.0000000180025095e-35 0.025369353858474022 2.5000000000000004 26.550000000000004 2.8500000000000001 41.45000000000001 13.500000000000002
decision_type=2 10 10 2 2 2 2 2 2 2 2 2 2 2 2 2 2 2 2 2 2 2 2 2 10 2 2 2 2 2 2 2 2 2 2 10 2 2 2 2 2 2 2 2 2 2 2
left_child=2 4 5 8 6 9 7 13 15 11 27 22 14 -2 38 -3 -6 -11 -19 20 -4 -5 23 -1 -25 -14 -27 28 45 31 -31 -13 33 44 -22 -36 -15 -12 -10 40 -7 -30 -20 -44 -9 -8 -33
right_child=1 3 19 21 16 39 10 32 12 17 37 29 25 36 -16 -17 -18 18 42 -21 34 -23 -24 24 -26 26 -28 -29 41 30 -32 46 -34 -35 35 -37 -38 -39 -40 -41 -42 -43 43 -45 -46 -47 -48
leaf_value=-0.016745987658490849 -0.030177283088927788 0.0061310565315560832 -0.043707404082155517 -0.025205957254222745 0.11934721257229713 -0.038732684062420031 -0.0087212643480647674 0.10720742955381668 -0.014728133083403662 -0.024763455244281748 -0.017136067717790089 -0.023133459483592186 0.015270531838174426 0.07986431487217345 0.091236759041443904 0.056369635832465251 0.063179862743135182 0.11729544149944474 0.0046516151130659407 -0.039961467985759794 -0.011455370247868893 0.070427207770420608 -0.023859940398979981 0.081220615729994894 -0.020628111649205153 0.14172328947459739 0.0090229614759686858 0.07463616885131362 0.087271762680424803 0.0051209910094432492 0.11031507901299682 0.070413518554871629 0.032400924729089245 0.15334428789402507 0.093208036353250284 -0.012227840517321335 0.0011778355213671807 0.057457774541596944 0.034938241584363823 -0.035898814871887515 0.018792405255895567 0.028999365841585918 0.0086374797392320783 0.097536635905930535 0.021237575212581756 0.038327281405531072 -0.00050501375464500904
leaf_weight=15.034581750631334 8.5821813810616749 18.274240017868578 42.804953209124506 87.231638862751424 20.873804512433708 11.624750196002426 19.691507967188958 4.6507705161348039 59.885407901369035 4.7185143176466218 28.602060006000105 7.9822397083044079 14.801716702058913 7.2851360403001291 2.5135507844388476 46.975241580978036 28.016068188473582 8.1537795299664122 14.253668604418637 210.98547706846148 46.041572107933462 1.8922178931534279 47.382581365294755 8.0339492056518775 3.929977540858089 3.925102833658455 4.8198464773595333 11.449919292703269 7.5903040869161513 3.4583885539323074 5.1873802039772272 6.8346251649782079 4.3008395591750732 10.890647343359886 4.5574039770290238 6.791209802031517 5.5176524529233575 3.1516861440613857 8.2785317879170162 50.034485638141632 18.314929710701108 20.465444134548306 4.835295068100093 5.0389561634510756 5.1075631566345692 11.632095910608767 5.9546688217669725
leaf_count=818 439 1015 3856 6641 431 899 659 163 3742 246 1791 472 659 197 94 1075 938 240 788 18735 3023 120 3369 315 195 150 205 223 222 172 233 408 133 324 271 429 152 147 330 4240 877 616 198 192 147 356 352
internal_value=0.000888668 0.0255542 -0.0198193 0.00617824 0.0497516 -0.000273936 0.0363346 0.0657197 0.0221989 0.0133805 0.0225555 0.0024321 0.00776932 0.0169846 -0.00351558 0.0426044 0.0890724 0.0432225 0.0536052 -0.0336408 -0.0200677 -0.0224166 -0.0104917 0.012984 0.0487543 0.0404053 0.0770157 0.0362678 0.0277557 0.0343802 0.0731298 0.0156333 0.105227 0.118199 -0.00198927 0.0342326 0.0484948 -0.00820414 -0.0082782 -0.0241817 -0.00407297 0.0472256 0.0282704 0.0588014 0.0683669 0.00939554 0.0397519
internal_weight=978.359 446.405 531.953 248.597 197.808 220.773 148.918 46.3348 159.474 140.799 102.583 103.798 94.2242 21.385 70.6775 65.2495 48.8899 37.0002 32.2817 311.181 100.195 89.1239 74.3811 26.9985 11.9639 23.5467 8.74495 70.8293 59.3794 29.4173 8.64577 20.7715 24.9498 20.649 57.3902 11.3486 12.8028 31.7537 68.1639 79.9742 29.9397 28.0557 24.1279 9.87425 9.75833 31.3236 12.7893
internal_count=61297 20969 40328 14031 6938 14014 5569 1555 7270 7998 4014 6334 5180 788 4166 2090 1369 1664 1418 26314 7579 6761 4697 1328 510 1014 355 2076 1853 1637 405 1232 767 634 3723 700 349 1938 4072 6016 1776 838 1178 390 310 1015 760
is_linear=0
shrinkage=0.05


Tree=11
num_leaves=48
num_cat=0
split_feature=16 6 11 11 6 11 5 5 10 5 14 13 4 4 3 10 6 14 11 5 16 0 5 5 3 5 5 19 0 3 4 5 0 16 10 16 3 10 16 13 18 20 0 0 23 11 16
split_gain=173.175 66.3669 53.3308 35.7066 33.8816 24.3731 20.9787 17.5297 14.6678 13.42 13.2282 12.7177 11.9929 15.0702 11.3451 11.1324 9.91455 9.63241 9.62774 9.47535 9.23526 14.8078 9.12358 15.6971 10.0011 8.90532 10.8427 8.89374 12.0739 12.2329 8.75127 8.20901 7.61011 7.57543 7.28909 10.9178 7.21039 9.44949 6.99904 6.72787 6.35287 6.1759 6.21384 6.01859 13.1446 5.83564 5.72427
threshold=4.5000000000000009 1.0000000180025095e-35 14.050000000000002 5.8500000000000005 1.0000000180025095e-35 2.6500000000000008 1.0000000180025095e-35 1.0000000180025095e-35 53.45000000000001 -1.0000000180025095e-35 1.0000000180025095e-35 87.950000000000017 1.0000000180025095e-35 -1.0000000180025095e-35 3.2469350715151752 50.750000000000007 1.0000000180025095e-35 1.0000000180025095e-35 67.850000000000009 -1.0000000180025095e-35 7.5000000000000009 3176.6950000000002 1.0000000180025095e-35 -1.0000000180025095e-35 2.3259689576994287 1.0000000180025095e-35 -1.0000000180025095e-35 3.5000000000000004 5210.2400000000007 -0.17424952401628799 1.0000000180025095e-35 1.0000000180025095e-35 3631.0500000000006 8.5000000000000018 133.55000000000004 7.5000000000000009 -0.65236929320429582 29.950000000000003 6.5000000000000009 119.35000000000001 2.5000000000000004 1.0000000180025095e-35 1584.5700000000002 4141.5600000000004 13.500000000000002 14.050000000000002 7.5000000000000009
decision_type=2 2 10 10 2 10 2 2 2 2 2 2 2 2 2 2 2 2 10 2 2 2 2 2 2 2 2 2 2 2 2 2 2 2 2 2 2 2 2 2 2 2 2 2 2 8 2
left_child=2 3 4 10 8 7 9 19 22 18 20 43 13 -8 34 32 25 41 -5 40 -2 -22 23 -1 -24 26 -4 28 29 36 38 -6 39 -19 -7 -36 -11 -38 -9 -15 -3 -14 -43 45 -45 -10 -29
right_child=1 5 16 6 31 14 12 30 11 27 -12 -13 17 15 -16 -17 -18 33 -20 -21 21 -23 24 -25 -26 -27 -28 46 -30 -31 -32 -33 -34 -35 35 -37 37 -39 -40 -41 -42 42 -44 44 -46 -47 -48
leaf_value=-0.023842306979775574 0.035531645107846399 0.065664515329238851 -0.03600164355829797 0.060611190911024661 -0.0065970054548570621 -0.026707417932656935 -0.0099617403682226088 -0.0073242285002304876 -0.022002364022854649 0.020723702683228349 0.089324531456866751 0.071734065604530217 -0.025277522259499138 0.0028031626639804688 0.083784154518417725 0.11285873070313668 -0.044722650126372096 -0.0045331802294853582 -0.017409680272274523 0.083335802213193408 0.04420810822772852 0.10937354495438899 -0.012937451644651638 0.043449528972162484 0.072085549689293912 -0.033694731706071818 0.0069411457459883502 -0.0081056528364149023 0.12876660707992318 -0.0019917738364423235 -0.020204601803250576 -0.039678354801271326 -0.037238548372927893 0.08779478884718718 -0.023391091457389938 0.090016653175230263 0.042169501950631065 0.13437486464744422 0.0736500300417854 0.085600842278563488 -0.019201811179027126 -0.019724072983446361 0.042793491030936492 0.10993566142380695 -0.023691257010109604 0.02793341365041975 0.047945648689243198
leaf_weight=12.045715308748184 80.211666933260858 2.4351542675867686 23.08379122056067 4.3824032340198782 30.570492059923708 86.535276244394481 13.625803058035673 4.7680842606350797 11.086861716583376 5.8315877579152611 22.137950273230672 15.632650315761564 41.904731476679444 4.5642418619245309 1.6065688207745541 5.3920984007418147 118.97550886310637 4.3852896485477677 13.926188360899685 12.320245826616883 31.62275587208569 12.784414160996674 63.643415672704577 25.758330510929227 2.6652218624949446 117.55152208358049 37.066675597801805 8.0317077729851025 6.1471569500863543 7.8564294185489443 20.284234451130033 49.490120857022703 2.6841103583574286 3.3178184032440186 4.5155298979952923 2.5528796622529626 6.9001595824956876 5.9473305176943541 4.6206906195729971 4.4873113706707954 5.2999559659510851 7.0336493682116252 7.0088834892958403 3.3530333405360571 2.6743799420073628 10.347070586867629 8.819258011877535
leaf_count=872 2405 123 2123 229 1832 6700 741 315 679 140 362 688 2545 191 113 192 10938 212 786 394 614 217 4279 865 159 10599 2232 210 125 184 1387 4359 131 128 345 140 156 132 235 193 262 415 407 189 142 494 126
internal_value=2.40346e-05 0.022603 -0.019544 0.0356621 -0.0012989 -0.00529209 0.0193153 0.0227945 0.0129221 0.0403081 0.0534812 0.0370947 0.00396469 0.0290938 -0.0200462 0.0589995 -0.0334692 -0.00843899 0.00343752 0.0576884 0.0464534 0.0649642 0.00265891 0.0219461 -0.00849982 -0.0257266 -0.00985814 0.0535985 0.0686093 0.0505031 -0.00190142 -0.0272837 0.0273347 0.040752 -0.0226951 0.0236483 0.0715617 0.0914745 0.0357807 0.0482827 0.0119743 -0.0158085 0.0122501 0.0155483 0.0557108 0.00227436 0.0222723
internal_weight=977.886 453.942 523.945 309.003 227.267 144.939 162.246 49.7284 147.207 67.8422 146.757 43.094 94.4039 30.7536 95.2103 17.1278 296.677 63.6504 18.3086 20.0554 124.619 44.4072 104.113 37.804 66.3086 177.702 60.1505 49.5336 32.6827 26.5355 29.673 80.0606 11.7357 7.70311 93.6037 7.06841 18.6791 12.8475 9.38877 9.05155 7.73511 55.9473 14.0425 27.4613 6.02741 21.4339 16.851
internal_count=61305 20855 40450 10841 14558 10014 7243 2716 8367 2088 3598 2192 5155 1448 7298 707 25892 3707 1015 779 3236 831 6175 1737 4438 14954 4355 1073 737 612 1937 6191 515 340 7185 485 428 288 550 384 385 3367 822 1504 331 1173 336
is_linear=0
shrinkage=0.05


Tree=12
num_leaves=48
num_cat=0
split_feature=17 6 21 11 17 5 11 5 4 4 10 8 17 5 2 4 2 21 20 4 11 13 11 0 10 11 5 5 13 11 5 5 10 3 5 5 11 21 21 3 11 5 13 5 5 10 0
split_gain=183.799 90.9325 47.0111 32.6726 29.3935 28.1777 24.7487 21.9954 18.6939 20.3913 18.12 17.4761 14.5509 13.383 15.0763 12.2493 16.9654 12.0357 12.011 11.4901 11.3052 11.038 11.1519 10.9906 10.2592 26.1311 10.1162 10.8909 10.0079 9.84492 9.5417 11.0906 9.30554 9.27032 8.94603 10.7102 8.7577 8.23746 7.9182 7.74554 7.59382 7.54971 7.39203 7.33044 8.82503 7.30936 7.53786
threshold=3.5000000000000004 1.0000000180025095e-35 0.52500000000000013 10.750000000000002 7.5000000000000009 1.0000000180025095e-35 5.6500000000000012 -1.0000000180025095e-35 1.0000000180025095e-35 -1.0000000180025095e-35 1215.2500000000002 1.0000000180025095e-35 9.5000000000000018 1.0000000180025095e-35 -0.32259484633446006 1.0000000180025095e-35 1.2530348209838758 0.52500000000000013 1.0000000180025095e-35 -1.0000000180025095e-35 404.15000000000003 539.35000000000002 5.8500000000000005 6174.3300000000008 9.4500000000000011 156.35000000000005 1.0000000180025095e-35 -1.0000000180025095e-35 131.05000000000004 79.450000000000017 -1.0000000180025095e-35 1.0000000180025095e-35 20.850000000000005 0.044046390689653526 1.0000000180025095e-35 -1.0000000180025095e-35 5.6500000000000012 0.37500000000000006 0.4250000000000001 0.3079288580394019 100.65000000000002 1.0000000180025095e-35 105.25000000000001 1.0000000180025095e-35 -1.0000000180025095e-35 39.250000000000007 3209.0950000000007
decision_type=2 2 2 10 2 2 10 2 2 2 2 2 2 2 2 2 2 2 2 2 8 2 10 2 2 10 2 2 2 10 2 2 2 2 2 2 10 2 2 2 8 2 2 2 2 2 2
left_child=3 2 4 8 6 7 10 17 9 -1 18 24 21 14 -11 19 33 -3 41 32 -19 22 -9 38 25 -4 27 39 29 -29 -26 -32 -6 37 35 -10 -7 40 -15 -8 -17 42 -2 44 -5 46 -37
right_child=1 5 11 43 15 36 26 12 34 13 -12 -13 -14 23 -16 16 -18 20 -20 -21 -22 -23 -24 -25 30 -27 -28 28 -30 -31 31 -33 -34 -35 -36 45 -38 -39 -40 -41 -42 -43 -44 -45 -46 -47 -48
leaf_value=-0.016906420185556072 0.012731349681609192 -0.034957894800427131 0.1165181740795944 -0.042829884732208848 0.079945625056611513 -0.0058324290595127897 -0.041767951645078467 0.045214445246490258 -0.032891779388494448 0.1358605062412091 0.11652924848128716 0.145663768695864 0.11839918889537833 -0.033639020889159023 0.019103954690406683 0.0060282760602960589 0.090716712561037333 -0.018008693123584347 0.055856645252324616 0.099255853050283796 0.1035697930530648 0.10953227345107464 -0.012101851074448233 0.10679229602576211 -0.0031611683196572692 -0.015253733578869576 -0.017416235811479733 0.020503377734909258 0.00078677170223949476 0.10625018873967029 0.084319293885696978 0.037688901025848535 -1.8396522912422745e-05 -0.013184441107631339 -0.028941596622963535 -0.025147737177118913 -0.03428014770409795 0.0037636542971060194 0.03190876402659016 0.042034725963498401 0.065751739765086706 -0.0019279657705139797 0.072524696372664843 -0.042365860422522626 -0.0084284174983500198 0.044081087065846625 0.042925864981552764
leaf_weight=24.074138208292425 15.028906401246788 21.215006130747501 16.343310862779621 31.583294730633497 5.4038382396101978 43.524404981173575 10.14784164354205 16.551437128335238 15.906478483229874 5.6627316093072295 4.9234020682051769 5.5497684255242339 4.2945236265659323 7.8453705254942241 5.3749397294595855 7.5770507799461511 9.7194878691807371 3.5983066819608203 21.675276070833206 16.603141373023391 2.5608218731358647 2.7389301527291527 15.783044767566023 1.8576666880398978 8.266239592805503 4.5314559945836654 61.932949053123593 7.9858586173504609 13.251867414452134 5.6405700203031301 19.760445982217789 42.483002436347306 8.4234549812972528 14.031018788926302 74.917172376066446 12.402589630335575 72.628736579790711 15.721065326593815 8.6164533821865898 2.7780291298404327 18.786890243180096 35.397372791543603 7.3513654842972747 158.30820273328573 45.055883095599711 12.582587735727428 4.847305577248334
leaf_count=1670 408 1593 429 3111 134 3111 694 588 1224 226 127 146 139 625 238 257 233 253 748 334 131 142 1009 119 319 209 4376 260 478 182 302 1523 224 406 5862 531 6430 477 447 188 529 1519 175 15290 3018 419 210
internal_value=0.00143033 0.0199688 0.0339036 -0.0240369 0.0234437 -0.00895848 0.0117284 0.0167734 -0.00755626 0.016857 0.0315824 0.0638239 0.0403011 0.0441894 0.0853146 0.0457398 0.0327658 -0.0172906 0.0249356 0.071873 0.0399468 0.0277214 0.0177136 0.0162777 0.0573308 0.0885237 -0.00488484 0.0145623 0.0323196 0.0608352 0.0469872 0.0535918 0.0345164 0.021316 -0.0184171 -0.000928413 -0.0237611 0.0328574 0.000532564 -0.022032 0.0494347 0.0125826 0.0346339 -0.0361646 -0.0229744 0.0166283 -0.00471478
internal_weight=971.244 562.209 379.314 409.035 282.379 182.895 186.113 66.7421 174.087 53.4313 84.3763 96.9342 39.3679 29.3572 11.0377 96.2659 65.8355 27.3741 79.4529 30.4304 6.15913 35.0734 32.3345 18.3195 91.3845 20.8748 101.737 39.8042 26.8783 13.6264 70.5097 62.2434 13.8273 56.116 120.656 45.739 116.153 42.085 16.4618 12.9259 26.3639 57.7776 22.3803 234.947 76.6392 29.8325 17.2499
internal_count=61063 28073 14677 32990 11749 13396 9155 3855 11571 3325 2977 2928 1878 1655 464 2594 1902 1977 2850 692 384 1739 1597 1191 2782 638 6178 1802 920 442 2144 1825 358 1669 8246 2384 9541 1263 1072 882 786 2102 583 21419 6129 1160 741
is_linear=0
shrinkage=0.05


Tree=13
num_leaves=48
num_cat=0
split_feature=16 11 10 5 11 5 5 5 21 10 16 16 16 25 3 21 14 23 11 11 16 13 0 3 21 10 23 10 21 5 13 3 3 13 0 0 4 10 4 7 25 0 10 0 5 5 10
split_gain=155.245 70.8776 39.4192 36.8199 33.9137 24.2639 23.468 24.3461 19.1203 16.7384 15.8215 15.5592 14.1585 12.2165 13.8561 11.1858 15.1718 10.8868 10.6912 10.3338 10.298 9.77594 9.46085 8.64848 8.47923 8.09652 7.88738 13.226 7.7571 10.8845 8.81167 7.47307 7.44813 7.37398 11.2189 6.92393 6.91409 6.87514 9.33255 7.78312 6.80234 9.73726 6.6066 6.62839 6.49603 7.62341 6.21567
threshold=3.5000000000000004 5.6500000000000012 875.95000000000016 1.0000000180025095e-35 14.050000000000002 -1.0000000180025095e-35 1.0000000180025095e-35 -1.0000000180025095e-35 0.52500000000000013 55.850000000000001 7.5000000000000009 9.5000000000000018 12.500000000000002 2.5000000000000004 0.66500137425195716 0.65000000000000002 1.0000000180025095e-35 12.500000000000002 0.45000000000000007 1.8500000000000003 6.5000000000000009 473.15000000000003 1995.9850000000004 -0.47806160363540323 0.52500000000000013 1215.2500000000002 4.5000000000000009 24.150000000000002 0.52500000000000013 1.0000000180025095e-35 109.55000000000001 -0.22089998315178822 1.1501289977632976 55.150000000000013 943.73500000000013 10077.905000000001 1.0000000180025095e-35 40.95000000000001 0.75000000000000011 1.0000000180025095e-35 3.5000000000000004 2319.1300000000006 4.2500000000000009 746.07500000000016 1.0000000180025095e-35 -1.0000000180025095e-35 36.050000000000004
decision_type=2 10 2 2 10 2 2 2 2 2 2 2 2 2 2 2 2 2 10 8 2 2 2 2 2 2 2 2 2 2 2 2 2 2 2 2 2 2 2 2 2 2 2 2 2 2 2
left_child=4 2 6 5 9 -3 7 18 12 24 -7 13 25 -8 19 16 36 28 46 -15 42 32 -23 -22 -1 -5 27 -26 29 30 -11 -25 37 -28 -35 -16 -9 39 -39 -10 41 -12 -21 -44 45 -6 -2
right_child=1 3 -4 8 44 10 11 15 21 17 40 -13 -14 14 35 -17 -18 -19 -20 20 23 22 -24 31 26 -27 33 -29 -30 -31 -32 -33 -34 34 -36 -37 -38 38 -40 -41 -42 -43 43 -45 -46 -47 -48
leaf_value=-0.02363834683514748 0.047378364854362726 -0.010374546104111414 0.11275703208641444 -0.027303581260631007 -0.042514879374357516 0.01949732832425943 -0.0062902092435268529 0.072298165823899849 -0.031000408593073927 0.012936496882861456 0.046282910024178864 0.063476103809298412 0.078787971474898244 -0.043772574277914561 0.091796619064802965 0.11780899005616435 0.1127554827508454 -0.0085111998337432781 -0.034184293058519603 0.054913982572964051 0.0076889093814378005 0.0019189417993577818 0.1244782447200492 0.10900373483079991 0.099967926445111002 0.020545158616211302 -0.029239246314123831 -0.026094821428210492 0.082832101798233457 -0.010735706304171758 0.11057379078309025 0.03336997767698395 0.0689956446137069 0.093758481588288145 -0.010374367616415515 0.0064857398030367915 0.030505389117664924 0.066000817599107184 -0.013419527590196864 0.039377811028488571 0.036999995841898142 0.12985523154393838 0.034723243714649722 -0.019146835386819903 -0.042242699325186997 -0.01000757182352896 -0.0032169382170537369
leaf_weight=96.669914570637047 16.061327475123111 38.582303535193205 14.979823818430303 131.32099982909858 30.384534352459013 51.503198812715709 53.023645314387977 14.767850549891589 19.100205603986982 5.2295979801565444 9.5089193359017425 15.75658850930631 2.4660854898393145 5.853362049907445 9.0847947159782034 9.0873157177120429 9.4894454292952997 21.352007775567472 7.8804786689579478 4.1933595882728687 9.8527754219248909 2.793012802489101 2.7064264193177223 5.8132078144699326 3.9666179018095127 8.7658209111541492 15.000588190741839 3.0013225413858891 6.4464509822428218 11.518341097049415 3.6255585681647062 8.883966305293141 3.1741780787706366 2.7999773966148478 7.5768948616459966 3.3222083365544668 35.213237862102687 6.2513747895136458 6.9830435197800398 3.9772847779095164 15.505821200087665 6.8897340875118962 6.5736139183864024 22.420732814818621 150.30806828662753 44.395255241543055 9.2354487488046271
leaf_count=7248 558 2733 405 10193 3123 2100 2407 295 1253 239 195 443 118 316 369 130 106 1347 423 235 314 165 151 169 216 463 893 161 314 863 134 261 193 154 404 137 761 320 398 181 291 123 346 1194 15137 3001 331
internal_value=0.000416759 0.017166 0.0362782 0.000954923 -0.023342 0.0222347 0.031194 0.0495219 -0.0129317 -0.00691961 0.0372631 0.0180637 -0.0218673 0.0120722 0.0247989 0.0663592 0.0566793 0.0179823 0.0138056 0.0147959 0.0213777 0.0152438 0.0721059 0.0452423 -0.0162843 -0.0241851 0.00574423 0.0492083 0.0386222 0.0214126 0.0600756 0.0683239 0.00573896 -0.00760289 0.0234951 0.0711406 0.0440298 -0.00149153 0.0260965 -0.0177394 0.0644782 0.0868404 0.00291729 -0.00618291 -0.0361818 -0.0236027 0.0294869
internal_weight=973.297 571.022 261.493 309.528 402.275 121.99 246.513 101.735 187.538 177.187 83.4077 144.778 142.553 129.022 75.998 68.5578 59.4705 48.172 33.1773 63.591 57.7377 44.9855 5.49944 24.5499 129.015 140.087 32.3454 6.96794 26.8199 20.3735 8.85516 14.6972 39.4861 25.3775 10.3769 12.407 49.9811 36.3119 13.2344 23.0775 31.9045 16.3987 33.1877 28.9943 225.088 74.7798 25.2968
internal_count=61311 28077 9200 18877 33234 5442 8795 2604 13435 11973 2709 6191 10774 5748 3341 1292 1162 2897 1312 2835 2519 2661 316 744 9076 10656 1828 377 1550 1236 373 430 2345 1451 558 506 1056 2152 718 1434 609 318 1775 1540 21261 6124 889
is_linear=0
shrinkage=0.05


Tree=14
num_leaves=48
num_cat=0
split_feature=16 11 10 5 11 21 4 4 25 5 5 5 23 21 21 5 5 0 10 16 5 5 3 16 0 10 2 16 18 23 3 10 21 11 13 11 13 13 13 23 2 0 4 4 4 16 21
split_gain=136.812 57.9266 34.1554 30.0199 29.598 21.0248 22.1696 25.5748 18.8361 18.6149 15.8626 13.2193 13.0753 12.3774 12.2305 10.5998 11.0847 10.5217 11.3212 11.2835 10.3129 13.5301 10.1853 9.66141 9.56856 9.33764 8.81697 8.78055 8.54491 9.2312 11.0989 8.32565 8.23008 9.28093 7.74602 6.99105 6.7961 9.25829 6.70026 9.76436 11.0073 8.77375 6.46018 6.44444 7.13692 9.9503 6.41929
threshold=3.5000000000000004 5.6500000000000012 875.95000000000016 1.0000000180025095e-35 10.750000000000002 0.65000000000000002 1.0000000180025095e-35 -1.0000000180025095e-35 2.5000000000000004 -1.0000000180025095e-35 1.0000000180025095e-35 -1.0000000180025095e-35 9.5000000000000018 0.52500000000000013 0.52500000000000013 1.0000000180025095e-35 -1.0000000180025095e-35 5492.9750000000013 566.65000000000009 6.5000000000000009 1.0000000180025095e-35 -1.0000000180025095e-35 -0.47806160363540323 11.500000000000002 1003.4900000000001 58.95000000000001 1.5572283766756017 6.5000000000000009 3.5000000000000004 8.5000000000000018 -0.40478619818832157 40.95000000000001 0.37500000000000006 80.850000000000009 194.45000000000002 5.8500000000000005 379.15000000000003 658.75000000000011 4.2500000000000009 5.5000000000000009 0.62188023660966329 6438.880000000001 1.0000000180025095e-35 1.0000000180025095e-35 -1.0000000180025095e-35 5.5000000000000009 0.52500000000000013
decision_type=2 10 2 2 10 2 2 2 2 2 2 2 2 2 2 2 2 2 2 2 2 2 2 2 2 2 2 2 2 2 2 2 2 10 2 8 2 2 2 2 2 2 2 2 2 2 2
left_child=4 2 5 9 10 6 7 27 -9 43 11 -1 46 -12 23 16 -8 18 19 32 21 -6 -10 36 35 -7 -19 -2 -21 -30 -31 -16 -11 -34 -33 -15 -5 42 41 40 -40 -17 -38 44 -3 -46 -13
right_child=1 3 -4 14 20 25 15 8 22 17 13 12 -14 24 31 38 -18 26 -20 28 -22 -23 -24 -25 -26 -27 -28 -29 29 30 -32 34 33 -35 -36 -37 37 -39 39 -41 -42 -43 -44 -45 45 -47 -48
leaf_value=-0.017972982645816937 -0.014639211821651385 -0.018742716932237689 0.10093095500910709 -0.025708154837740322 -0.043838829989099506 0.074688202851059676 -0.0042020999274410935 0.026359537112900268 0.043157141515239923 -0.030762381915702592 -0.027844495606461274 0.035766663508916427 0.0036518301921349959 -0.019551260166759656 -0.0054470623823649296 -0.024826553575459029 0.040151679271266359 0.11096899447203604 0.098831855564288307 0.0092884453476672277 -0.041266099678008872 -0.0005247050497266142 0.12243800977777111 0.047011315892298185 -0.0098252197178773579 0.0024830887012060668 0.029142360041415134 0.036744320894735984 0.09594317277470707 0.071169637313803782 -0.015711797708524711 0.0073774314018740786 -0.03332496318120045 0.046152312032729799 0.07309608956183504 0.074064071424205555 0.062645834520151752 -0.039283771708702481 0.017425725526661575 -0.0008314679085831278 0.12353578759994169 0.041506944021574649 0.000715867983319337 -0.021395831591611361 -0.020690912205040404 0.098089492993615315 0.10039187934605409
leaf_weight=21.946972749195993 15.361422777175905 5.2601752858608961 16.811605264432728 110.86874646134675 29.204378130845726 30.061089414171875 19.988870515488088 14.779709896072744 7.3327871235087523 13.772935322485866 78.013786733150482 14.449252470396461 24.384063197299838 2.2224880084395418 27.559413922950625 32.980277496390045 45.320955452509224 6.6270424574613553 3.9559858310967675 16.544542791321874 145.46324265561998 44.789505588822067 15.964911952614784 4.5998208047822109 18.454201580025256 5.3137528309598556 7.5177899468690157 16.123731083236635 8.3467422630637902 6.2239327616989613 6.8872582912445051 10.094050057232382 4.5891338540241113 10.300012802705167 7.4491771897301069 6.5926123503595599 5.6121984198689505 7.7948089819401494 8.409959019161759 34.396468729712069 2.7087637241929761 4.9140490982681504 11.6604287866503 26.284189121797681 2.3482046378776413 3.6968863299116492 5.5540635585784903
leaf_count=1698 772 367 408 8672 3127 755 849 472 210 716 6544 555 961 153 1733 1713 881 187 102 360 15257 3053 407 216 1199 146 216 367 153 128 132 529 204 509 383 374 386 613 368 1530 103 224 964 1966 178 190 140
internal_value=0.0014046 0.016837 0.0336759 0.00198861 -0.0214072 0.0288396 0.0228411 0.0459507 0.0730016 0.0211218 -0.00579947 0.0132297 0.0287137 -0.0178006 -0.0106677 0.011797 0.026718 0.0339897 0.0254193 0.0196666 -0.0335309 -0.0179768 0.100288 -0.0179098 0.0109021 0.0642085 0.0722751 0.0119957 0.0371751 0.0573053 0.0276519 0.0117972 -0.00401815 0.0211002 0.0377198 0.0508743 -0.0204339 0.00298444 -6.43256e-05 0.0127423 0.0513371 -0.0153786 0.0231652 -0.00802454 0.0222754 0.0555618 0.0576358
internal_weight=969.536 578.462 270.468 307.993 391.075 253.657 218.282 69.5626 38.0774 122.355 171.617 66.3344 44.3874 105.283 185.639 148.719 65.3098 84.7654 70.6205 66.6646 219.457 73.9939 23.2977 140.536 27.2693 35.3748 14.1448 31.4852 38.0025 21.4579 13.1112 45.1026 28.6621 14.8891 17.5432 8.8151 135.936 25.0674 83.4095 45.5152 11.1187 37.8943 17.2726 37.5895 11.3053 6.04509 20.0033
internal_count=61170 28109 9205 18904 33061 8797 7896 2228 1089 5408 11624 3354 1656 8270 13496 5668 1730 2707 2304 2202 21437 6180 617 10851 1726 901 403 1139 773 413 260 2645 1429 713 912 527 10635 1963 3938 2001 471 1937 1350 2701 735 368 695
is_linear=0
shrinkage=0.05


Tree=15
num_leaves=48
num_cat=0
split_feature=17 11 6 6 4 4 5 11 17 3 10 5 6 17 11 10 23 4 4 20 13 11 17 21 10 4 4 11 10 5 14 11 10 21 2 2 1 10 10 2 23 3 11 10 10 20 14
split_gain=134.379 51.2146 44.3967 29.1333 23.9562 19.6323 18.1539 15.2538 14.8637 15.0117 14.3572 13.0202 12.8983 12.4047 11.769 11.4735 15.9612 11.4296 12.3116 11.3036 13.4916 10.1104 9.55576 9.00039 11.0031 8.88163 10.6543 8.29426 8.0053 7.97301 7.82749 7.76058 7.29391 7.65385 7.2656 6.94754 10.2535 6.91812 6.91095 6.54241 13.1311 6.32736 6.21881 5.75974 8.68675 5.71344 5.69242
threshold=5.5000000000000009 9.5500000000000025 1.0000000180025095e-35 1.0000000180025095e-35 1.0000000180025095e-35 -1.0000000180025095e-35 1.0000000180025095e-35 2.6500000000000008 2.5000000000000004 -0.81086683816360272 124.45000000000002 -1.0000000180025095e-35 1.0000000180025095e-35 3.5000000000000004 0.65000000000000002 71.65000000000002 14.500000000000002 -1.0000000180025095e-35 1.0000000180025095e-35 1.0000000180025095e-35 47.750000000000007 4.2500000000000009 8.5000000000000018 0.65000000000000002 38.45000000000001 1.0000000180025095e-35 -1.0000000180025095e-35 595.25000000000011 204.00000000000003 1.0000000180025095e-35 1.0000000180025095e-35 1.6500000000000001 128.75000000000003 0.65000000000000002 -0.38746279271056777 -0.048310021251187642 6.9749418533313641 97.450000000000017 13.850000000000003 0.76012347138958813 16.500000000000004 0.69068104874890712 786.9000000000002 92.050000000000011 566.65000000000009 1.0000000180025095e-35 1.0000000180025095e-35
decision_type=2 10 2 2 2 2 2 10 2 2 2 2 2 2 10 2 2 2 2 2 2 10 2 2 2 2 2 8 2 2 2 8 2 2 2 2 2 2 2 2 2 2 8 2 2 2 2
left_child=1 3 4 8 5 21 11 10 25 -10 19 27 13 -3 22 30 43 -11 38 -4 -21 34 -8 -9 -25 26 -1 -6 31 -28 -15 -20 33 -5 -2 36 -33 41 -19 40 -37 -7 45 -17 -45 -13 -16
right_child=2 12 7 32 6 37 14 23 9 17 -12 42 -14 15 46 16 -18 18 28 20 -22 -23 -24 24 -26 -27 29 -29 -30 -31 -32 35 -34 -35 -36 39 -38 -39 -40 -41 -42 -43 -44 44 -46 -47 -48
leaf_value=-0.015106458377738578 0.087313339609029331 -0.028738925760601733 -0.0073647154504011608 -0.030852754145738116 -0.024172423308019306 0.074858406888397414 0.010615864089540619 -0.023785155865189408 0.10869964150711096 -0.023513863792853057 0.093759702608988957 0.026353453124181688 -0.040230726079983313 -0.017232851374621251 -0.012483560053225028 0.12976933308631897 -0.033419929687331332 0.013070045217898257 -0.042991037872913987 -0.011935559084421114 0.10397300389502302 0.0023720951151572382 0.062275929474157679 -0.015957309655615537 0.09581032219072233 -0.013519066811286746 0.083777795084927428 0.036831693865127156 0.070456867792589251 0.013000292838095546 0.058609843196575168 0.033778039754195917 0.02292095202784717 0.015327553767197959 0.020463384735620409 0.10046767807050716 -0.02267013288954094 0.12989447849915192 0.084893837967672192 0.012867928178735083 -0.015573373794675834 0.016541614703894914 0.075745441108155107 -0.024324099693919306 0.079211150825517773 0.069207088921728901 0.029180228187612713
leaf_weight=11.594829314388335 7.8572631496936109 129.65349189843982 27.350640996359289 74.448920297436416 10.194057316519322 37.594280490651727 24.356685692444444 60.209000601433218 4.3056262731552115 11.578371400013564 4.8421021681278935 28.680740827694535 125.57347926683724 54.007751322351396 46.870206128805876 2.3250323021784407 4.7265390669926992 5.1070308396592763 4.9470802722498766 4.0982348220422846 4.8008911423385143 19.224078725092113 13.653544921427963 4.7615071749314657 2.7535431105643511 56.386651034466922 6.7098992569372049 10.13747235201299 5.5129453176632515 9.1431050859391689 2.6577139906585208 13.025142968632279 7.8006957415491334 9.5725002922117692 9.0117987375706416 6.8973183436319285 17.86988018732518 5.8108799401670685 11.718314439989625 13.702435152605174 3.1781350560486317 6.0419141342863432 20.618990330025554 2.7866514287889004 3.9808110427111387 11.143230536952613 8.9166712667793018
leaf_count=773 147 12595 1339 5911 553 800 646 4675 189 539 148 454 12978 3759 2555 152 286 151 237 203 228 766 224 347 173 3679 210 240 146 529 157 579 483 629 162 300 775 105 343 562 134 131 207 183 164 172 346
internal_value=0.000309238 -0.0143002 0.0240124 0.00165707 0.0351948 0.0568117 0.0243392 -0.00279495 0.0132414 0.0263773 0.0209362 0.0415747 -0.0276636 -0.0196177 0.00921469 -0.00267228 0.0366107 0.0214782 0.0280411 0.00895285 0.0547812 0.0276657 0.0302932 -0.0172891 0.0314373 -0.00221956 0.0206525 0.00654545 0.017642 0.0461509 -0.012721 0.0116766 -0.0211591 -0.0254731 0.0547445 0.0173066 0.00144095 0.0771162 0.0650493 0.0370309 0.0657632 0.0673353 0.0530594 0.072719 0.0389354 0.039746 -0.00542766
internal_weight=968.138 599.21 368.928 273.499 260.112 85.5402 174.572 108.816 181.677 97.8423 41.0919 80.7745 325.711 200.138 93.7971 70.4845 13.819 93.5367 81.9583 36.2498 8.89913 36.0931 38.0102 67.7241 7.51505 83.8345 27.4478 20.3315 65.1329 15.853 56.6655 59.62 91.8221 84.0214 16.8691 54.6729 30.895 49.4471 16.8253 23.7779 10.0755 43.6362 60.443 9.09249 6.76746 39.824 55.7869
internal_count=61064 46443 14621 16169 7508 2111 5397 7113 9146 3955 1918 1626 30274 17296 3771 4701 785 3766 3227 1770 431 1075 870 5195 520 5191 1512 793 2733 739 3916 2587 7023 6540 309 2350 1354 1036 494 996 434 931 833 499 347 626 2901
is_linear=0
shrinkage=0.05


Tree=16
num_leaves=48
num_cat=0
split_feature=16 6 14 21 5 5 10 11 5 14 21 18 10 23 5 4 4 11 5 5 19 22 2 6 16 13 2 16 11 16 10 0 20 10 16 10 0 11 23 10 2 23 0 2 13 21 21
split_gain=114.075 52.195 30.0764 24.4136 23.9692 22.1572 21.4754 14.1851 13.9255 14.1191 11.9729 11.7753 11.7376 11.7181 10.2972 10.1847 23.4354 10.1143 9.84972 9.79514 9.53561 9.52457 9.63729 9.28153 9.70101 8.71973 10.4054 8.44837 10.4871 7.71697 7.66527 7.52491 7.30919 7.21402 7.14326 6.72478 14.4019 6.69982 6.59917 7.13288 8.16986 8.99579 7.34386 6.50675 9.56985 6.38852 6.11835
threshold=3.5000000000000004 1.0000000180025095e-35 1.0000000180025095e-35 0.52500000000000013 1.0000000180025095e-35 -1.0000000180025095e-35 120.95000000000002 7.3500000000000005 1.0000000180025095e-35 1.0000000180025095e-35 0.52500000000000013 3.5000000000000004 75.750000000000014 16.500000000000004 1.0000000180025095e-35 -1.0000000180025095e-35 1.0000000180025095e-35 394.25000000000006 1.0000000180025095e-35 -1.0000000180025095e-35 1.5000000000000002 1.0000000180025095e-35 -0.30131275680236635 1.0000000180025095e-35 2.5000000000000004 417.35000000000008 -0.51548282996215089 9.5000000000000018 2.4500000000000006 7.5000000000000009 25.350000000000005 1003.4900000000001 1.0000000180025095e-35 13.850000000000003 7.5000000000000009 8.4500000000000011 1584.5700000000002 561.45000000000016 14.500000000000002 60.45000000000001 -0.54950946222269337 4.5000000000000009 430.94000000000005 0.73241582255581172 97.950000000000017 0.65000000000000002 0.52500000000000013
decision_type=2 2 2 2 2 2 2 10 2 2 2 2 2 2 2 2 2 8 2 2 2 2 2 2 2 2 2 2 10 2 2 2 2 2 2 2 2 8 2 2 2 2 2 2 2 2 2
left_child=4 2 3 7 5 -1 8 -2 9 19 -6 -11 21 37 30 -7 20 18 34 -3 -17 29 -23 24 31 26 -19 28 -21 -9 -4 -12 -14 -26 -5 36 -31 -8 39 42 -41 -42 -18 -40 -45 -44 -16
right_child=1 6 14 17 10 15 13 12 -10 11 23 -13 32 -15 46 16 38 25 -20 27 -22 22 -24 -25 33 -27 -28 -29 -30 35 -32 -33 -34 -35 -36 -37 -38 -39 43 40 41 -43 45 44 -46 -47 -48
leaf_value=-0.031337251020887046 0.022370162662084605 -0.030641740270521741 0.11431537186108248 0.027126821032451266 -0.036955962436435667 -0.031273357875352271 -0.016358746242684182 -0.020939130933281425 -0.025751635143169228 -0.0050149505923840878 0.025622332980029024 0.1162808742494032 0.012064022550273603 0.096992938413554039 0.020522874566881285 0.094817213844084217 0.06607097790748083 0.10500238817702275 0.0059704763963284785 0.03392492310538596 0.0089174689874668145 0.099446769766140003 -0.020987518354677503 -0.037878940810482105 -0.021601601685265995 0.017143246481385804 0.044403345566706318 0.073175293445915487 -0.022325259384770063 -0.028460265191617068 0.050770050373625857 -0.028059717559751146 0.071673039472801223 0.069709631557593563 0.090308179871455743 -0.0048422958957129378 0.098240615971826692 0.051711182806417802 -0.03213038002440869 -0.015484992884740277 0.001145074435255177 0.11143873491613634 -0.017293196577079908 0.087303588554103653 -0.035511759779505325 0.052064946492658797 0.074353732225357558
leaf_weight=48.482346448116004 128.15593904815614 21.404016848653555 10.921026289463045 14.567637533880772 183.37836423609406 11.719743099063633 7.6884841704741129 70.265942445024848 99.575845334678888 3.312950897961854 8.8108485154807585 3.7637175498530269 19.330464830622081 5.4125896086916319 20.209948247298602 10.582225655205546 2.8480539377778795 12.739618415944276 31.101526758633554 13.555246613919737 4.7909417310729614 2.9829616816714406 2.3474696092307559 18.852969635277987 2.4435684345662576 11.118034265935419 20.490176170133054 3.8020904436707488 18.244031536392868 3.2672369824722436 12.830105403438209 18.854100818745792 6.2945296457037321 6.8521537035703659 6.5173808783292762 23.979802077636123 4.3002847656607628 5.2925931839272389 17.524917962960902 3.1907325079664588 2.8075087061151844 4.5345601541921496 22.723725383169953 2.2589469868689767 2.2908071419224143 2.8769251918420187 6.8269101008772841
leaf_count=4813 3571 1665 170 400 18817 695 524 4629 8798 129 666 137 857 300 638 450 155 213 1267 409 219 171 150 1986 181 343 344 109 1114 124 181 1550 277 420 95 858 147 206 989 139 113 212 1317 120 136 132 144
internal_value=0.000209673 0.0139109 0.0238215 0.0185983 -0.0212904 -0.00453446 -0.00832223 0.0105726 -0.0141423 0.00401576 -0.030803 0.0659059 -0.000897251 0.0415208 0.059515 0.0103933 0.0171039 0.0399604 0.0243077 -0.00467105 0.0702268 -0.00821234 0.0514716 -0.0102924 0.00440615 0.0574376 0.0700246 0.0113535 0.00195607 -0.0118073 0.083427 -0.0106654 0.0288484 0.0459399 0.049861 0.00855053 0.0466012 0.0131081 0.00281215 0.0150587 0.0482303 0.0744569 0.00155652 -0.0185293 0.0302095 -0.00783466 0.0362826
internal_weight=966.122 590.299 408.247 357.459 375.823 136.631 182.052 260.925 163.658 64.0821 239.192 7.07667 132.769 18.3937 50.788 88.1491 76.4293 96.5344 52.1865 57.0054 15.3732 107.144 5.33043 55.8136 36.9607 44.3478 33.2298 35.6014 31.7993 101.813 23.7511 27.6649 25.625 9.29572 21.085 31.5473 7.56752 12.9811 61.0562 38.9815 10.5328 7.34207 28.4487 22.0747 4.54975 25.6007 27.0369
internal_count=61080 27970 14579 13446 33110 9490 13391 10784 12361 3563 23620 266 7213 1030 1133 4677 3982 2662 1762 3297 669 6079 321 4803 2817 900 557 1632 1523 5758 351 2216 1134 601 495 1129 271 730 3313 2068 464 325 1604 1245 256 1449 782
is_linear=0
shrinkage=0.05


Tree=17
num_leaves=48
num_cat=0
split_feature=16 6 11 21 5 6 5 16 4 16 0 11 13 11 21 5 4 20 2 2 13 13 0 2 2 23 21 13 3 5 11 10 10 2 0 23 5 4 3 5 5 16 16 13 0 18 16
split_gain=105.22 60.9961 40.8749 24.8586 19.2435 17.8496 17.4567 16.2787 16.0007 14.4635 13.2083 12.1814 10.4421 10.2713 9.68055 9.46609 9.37335 9.15798 12.3261 11.3824 9.83457 8.99252 8.57074 9.48957 8.41671 8.2707 8.06681 7.85392 7.68199 7.3962 10.3621 9.61472 7.4366 7.27613 10.6693 7.61434 7.26988 7.23657 7.20466 7.14747 7.61207 6.99717 6.69524 6.69168 8.38508 8.0547 6.53979
threshold=6.5000000000000009 1.0000000180025095e-35 17.650000000000002 0.65000000000000002 1.0000000180025095e-35 1.0000000180025095e-35 -1.0000000180025095e-35 2.5000000000000004 -1.0000000180025095e-35 2.5000000000000004 2614.7850000000003 23.750000000000004 350.05000000000007 2.4500000000000006 0.52500000000000013 1.0000000180025095e-35 0.75000000000000011 1.0000000180025095e-35 1.2862992125721389 -1.0687955941420129 205.95000000000002 34.45000000000001 979.8850000000001 0.44385130722879551 -0.56343462930799559 17.500000000000004 0.65000000000000002 353.95000000000005 2.4966661189274508 1.0000000180025095e-35 113.65000000000002 63.45000000000001 15.450000000000001 -0.22988356215837624 612.61500000000012 14.500000000000002 1.0000000180025095e-35 1.0000000180025095e-35 -0.2930951497169359 1.0000000180025095e-35 -1.0000000180025095e-35 8.5000000000000018 7.5000000000000009 539.35000000000002 918.42500000000007 1.5000000000000002 9.5000000000000018
decision_type=2 2 10 2 2 2 2 2 2 2 2 10 2 10 2 2 2 2 2 2 2 2 2 2 2 2 2 2 2 2 10 2 2 2 2 2 2 2 2 2 2 2 2 2 2 2 2
left_child=1 2 4 5 6 17 -1 -4 -8 -6 38 15 29 16 28 26 42 18 19 -2 21 -19 -16 -24 -23 43 -3 -22 -11 30 31 32 -9 34 35 -21 -36 -31 -5 40 -15 -20 -7 44 -14 -46 -42
right_child=3 11 7 10 9 13 8 12 -10 14 -12 -13 25 39 22 -17 -18 20 41 33 27 24 23 -25 -26 -27 -28 -29 -30 37 -32 -33 -34 -35 36 -37 -38 -39 -40 -41 46 -43 -44 -45 45 -47 -48
leaf_value=-0.00064398624650198911 0.083611505496317851 -0.0075925785850415421 -0.029049305610467275 0.054829474430725882 -0.015971590380304306 0.097851529748592431 -0.020945560461184762 0.053461247987819316 0.055970773499462556 0.001828779146719968 0.10091173923196482 -0.039830882975829776 0.12577839412266506 -0.030608729284407638 0.087455566949017918 -0.028714100090002921 -0.0044798197705584603 0.034784851654695477 0.028771901778395139 -0.038920528069277462 -0.026072953162574627 0.026684548731425735 -0.006187390233240002 0.067321264311010084 0.11324013365545432 -0.023096202230381987 0.051338255360886723 0.042087769796843956 0.078606041567006624 0.0050108914615124324 -0.015571899170778978 0.10242686281548846 -0.016890681283692571 -0.0038634086938490009 0.053904472132035974 0.027228266173878992 0.014366551732981842 -0.031569059589397423 -0.0061260610581903236 -0.031668218376329708 0.0062629560928780664 0.088072322386632429 0.021493896862622083 0.0092399853434504044 0.097647758180258143 -0.0017075553432058235 0.085914640637959713
leaf_weight=25.728572664782405 4.8644364941865197 38.116587570868433 92.129049926064909 16.844491936266422 50.791540490463376 4.3519477369263768 7.0851410944014779 5.6993727339431661 60.077923662029207 55.502462521195412 14.670638327486811 125.7815666263923 2.9649374261498513 6.5011967979371557 6.8696874240413335 65.339087758213282 13.891361970454454 16.395846070721745 12.817540635354819 9.5810558330267686 6.3112386101856819 4.6600225735455707 11.022702066227795 6.1362090529873958 10.95511427242309 6.2409773310646406 5.8199942726641885 9.2611465575173479 2.4649583464488378 19.59784553386271 20.097477136179805 3.2319834344089022 7.7603951869532466 43.780671700835228 22.959531141445041 6.4810588276013723 24.527566077187657 40.902050292119384 6.3993259742856052 25.438687996007502 7.7138216020539403 9.0964751206338388 7.8606404354795814 10.629152084700761 2.0357019118964654 6.1167977983132005 3.0078107696026564
leaf_count=1531 132 2236 9455 450 3964 161 233 310 1323 2799 350 13672 204 506 186 6134 670 358 296 270 173 132 349 189 270 474 260 204 95 1439 1156 156 403 1096 368 189 871 3504 165 2245 344 174 286 723 154 419 96
internal_value=0.00205266 -0.00870711 0.00222524 0.0272982 0.0170938 0.0214148 0.0344229 -0.0132167 0.0476685 0.00480449 0.0646142 -0.0292368 -0.00143551 -0.000294257 0.0177114 -0.0167919 0.0238871 0.0295878 0.0226059 0.0156145 0.0483949 0.0639165 0.0437211 0.0223598 0.0905701 0.0249484 0.00118235 0.0145569 0.00637127 -0.0092021 0.00833912 0.0363817 0.014536 0.0117894 0.0224657 -0.012198 0.0342002 -0.0198308 0.0384871 -0.0152987 0.00929064 0.0561568 0.0540504 0.0391458 0.064616 0.0310601 0.0340314
internal_weight=966.514 678.142 443.085 288.372 225.679 250.457 92.8916 217.406 67.1631 132.788 37.9145 235.057 125.277 68.7655 81.996 109.276 26.104 181.692 134.108 112.194 47.5834 32.011 24.0286 17.1589 15.6151 27.9876 43.9366 15.5724 57.9674 97.2891 36.7892 16.6918 13.4598 107.33 63.5492 16.0621 47.4871 60.4999 23.2438 42.6615 17.2228 21.914 12.2126 21.7466 11.1174 8.1525 10.7216
internal_count=61174 51368 29066 9806 10669 8841 3087 18397 1556 7582 965 22302 8942 4308 3618 8630 1117 4533 3396 2926 1137 760 724 538 402 1974 2496 377 2894 6968 2025 869 713 2794 1698 459 1239 4943 615 3191 946 470 447 1500 777 573 440
is_linear=0
shrinkage=0.05


Tree=18
num_leaves=48
num_cat=0
split_feature=16 14 11 11 13 16 21 13 18 3 23 10 2 0 0 20 10 23 10 3 16 13 3 21 10 23 3 21 7 10 2 25 0 2 11 2 25 13 10 10 10 10 10 2 2 10 21
split_gain=99.0576 46.2935 31.0849 23.6558 18.7898 16.4797 14.5377 12.1183 11.9995 10.1754 10.0834 9.73466 9.18203 8.6167 12.2574 8.52241 11.6375 8.40431 8.04776 7.81697 7.37107 7.34752 6.8252 9.73731 6.47552 6.39803 6.17171 6.1335 6.6634 8.04338 6.15627 7.21889 6.00623 6.006 6.00466 6.78851 6.72485 5.64065 5.58261 5.69713 8.78767 7.7425 5.51484 5.49245 5.61302 5.42606 4.93409
threshold=3.5000000000000004 1.0000000180025095e-35 14.050000000000002 5.6500000000000012 149.95000000000002 6.5000000000000009 0.52500000000000013 361.85000000000008 3.5000000000000004 1.0000000180025095e-35 7.5000000000000009 103.85000000000001 1.9802285818632328 1670.7750000000003 3332.5800000000004 1.0000000180025095e-35 3935.6500000000005 20.500000000000004 2944.1000000000008 1.1501289977632976 1.5000000000000002 278.45000000000005 -0.25180266533560514 0.37500000000000006 38.050000000000004 18.500000000000004 2.3259689576994287 0.52500000000000013 1.0000000180025095e-35 3.8500000000000001 0.066358822808323989 2.5000000000000004 1042.4300000000003 1.5201063412954958 1.4500000000000002 0.59771261215060456 2.5000000000000004 20.050000000000004 62.650000000000013 13.15 19.950000000000003 3.2500000000000004 24.750000000000004 1.9457580520730759 -0.93659983757622622 18.450000000000003 0.52500000000000013
decision_type=2 2 10 10 2 2 2 2 2 2 2 2 2 2 2 2 2 2 2 2 2 2 2 2 2 2 2 2 2 2 2 2 2 2 8 2 2 2 2 2 2 2 2 2 2 2 2
left_child=2 3 6 15 33 7 18 12 24 46 13 27 -5 -8 -15 16 -2 -12 26 -14 -20 -10 -13 -24 -6 -11 -1 28 29 -7 31 32 -29 -3 -17 38 -37 -31 39 41 -41 -36 -42 44 -39 -28 -9
right_child=1 4 -4 5 8 11 10 9 21 25 17 22 19 14 -16 34 -18 -19 20 -21 -22 -23 23 -25 -26 -27 45 30 -30 37 -32 -33 -34 -35 35 36 -38 43 -40 40 42 -43 -44 -45 -46 -47 -48
leaf_value=-0.019011785091773425 0.010256668302498585 0.01984856313190737 -0.03448991426197117 -0.02467258254319403 0.06647016370720496 0.037256523678281438 0.083576440883089548 -0.022295796812035057 0.14858104356025209 0.068079659928895697 -0.011651789978351635 0.0095206161475390773 -0.025401985172493338 -0.042062374164370919 0.066123680600056883 -0.017609004274510839 0.081762074555774542 0.056103701764804774 -0.019791581932689182 0.071108942010096474 0.089289626211127446 0.067143539754745171 0.014192052222047107 0.11983832337715167 -0.0043230051054321339 -0.019268982904038997 0.080542697919789422 0.07604504818441947 0.029872508134883142 -0.047399478690139309 0.055843424519893603 -0.020803540139449517 -0.0016249449183467865 0.074590643777533328 0.062103383344194331 0.0209383808344588 0.10669619073595066 0.042795991418421594 -0.0037907431629259991 0.097575278637997073 -0.015814483443970639 -0.011093310079602119 0.044880580278029644 0.044381578549953747 -0.017719721635820761 -0.011885064472891537 0.030724668307594401
leaf_weight=115.14086200203747 184.7405161485076 38.052893932908773 192.77208621334285 113.64656020328403 7.2472180947661418 7.4251704374328247 7.8645023470744517 14.828253828920429 6.8789689429104355 8.6641020970419031 24.173507595434788 7.9174798466265228 2.9570206711068741 4.4135837592184526 4.1092054946348071 4.7723965402692547 4.9024198930710545 4.5938199516385785 2.2079115500673643 3.9224696541205049 2.5636598104611039 9.2222518194466812 4.2710805647075158 4.218621714040637 5.1199182774871588 2.1964246891438952 2.0502515360712996 4.0585295939818078 12.375270818360148 10.02334531676024 9.1531988726928812 10.142159347422419 4.8197100562974811 5.0834103301167479 4.2262775907292953 4.4171872287988645 5.581709704361856 3.2507893238216559 10.118735751137136 6.6314487857744124 4.3334961570799377 10.964817866683005 14.878776788711546 3.6639646142721167 42.754349633120007 2.8537091668695211 5.1114198360592118
leaf_count=8959 6246 1145 21224 8956 274 401 357 1218 188 616 1348 298 221 229 220 182 99 265 134 277 132 261 143 137 166 169 138 144 505 548 340 408 158 111 132 138 168 190 296 203 127 350 512 163 2326 170 295
internal_value=-0.000187295 0.0122341 -0.020798 0.00709907 0.0496892 -0.00306749 -0.00515848 -0.0141007 0.0807226 0.0135598 0.0188825 0.0103943 -0.0212227 0.0489435 0.011565 0.0180238 0.0125243 0.000689265 -0.0139367 0.0316664 0.0441315 0.10859 0.045102 0.0737851 0.0390314 0.0502791 -0.0165903 0.00473884 -0.00242828 -0.00873507 0.0243512 0.00716385 0.0379844 0.0278435 0.0334205 0.0376221 0.0741593 -0.0149756 0.0291952 0.0372259 0.0511458 0.0118485 0.0310852 -0.00762603 -0.0126241 0.0338542 -0.00788609
internal_weight=965.315 602.572 362.743 530.968 71.6047 275.4 169.971 151.326 28.4684 30.8002 45.1546 124.074 120.526 16.3873 8.52279 255.568 189.643 28.7673 124.816 6.87949 4.77157 16.1012 16.4072 8.4897 12.3671 10.8605 120.045 107.666 79.4929 67.1176 28.1736 19.0204 8.87824 43.1363 65.9248 61.1524 9.9989 59.6924 51.1536 41.0348 25.8437 15.1911 19.2123 49.6691 46.0051 4.90396 19.9397
internal_count=61287 28111 33176 25966 2145 17513 11952 11752 889 2298 2419 5761 9454 806 449 8453 6345 1613 9533 498 266 449 578 280 440 785 9267 5183 4133 3628 1050 710 302 1256 2108 1926 306 3227 1620 1324 842 482 639 2679 2516 308 1513
is_linear=0
shrinkage=0.05


Tree=19
num_leaves=48
num_cat=0
split_feature=16 5 5 5 5 15 15 25 10 0 4 4 20 10 4 4 2 2 10 14 2 0 15 0 3 2 4 18 3 18 3 3 2 2 21 16 0 19 21 10 16 25 21 10 2 0 3
split_gain=90.2075 34.5885 30.4055 24.8423 22.723 20.4792 15.031 13.9992 16.2263 12.655 11.9141 13.1726 10.4129 11.3956 9.94967 22.6257 10.358 9.53282 8.69774 8.52121 8.06517 14.7975 8.41165 8.05965 9.71291 9.3297 7.86352 7.62229 9.52628 7.34067 7.14577 6.95849 6.74974 7.223 6.60627 6.8474 6.57129 7.81122 6.4756 10.4577 6.41989 7.23787 5.95938 5.82183 5.80752 10.2743 5.74351
threshold=3.5000000000000004 1.0000000180025095e-35 -1.0000000180025095e-35 1.0000000180025095e-35 -1.0000000180025095e-35 1.0000000180025095e-35 1.0000000180025095e-35 5.5000000000000009 566.65000000000009 8428.5700000000015 1.0000000180025095e-35 -1.0000000180025095e-35 1.0000000180025095e-35 71.65000000000002 -1.0000000180025095e-35 1.0000000180025095e-35 -0.048310021251187642 2.2580490963731048 7.2500000000000009 1.0000000180025095e-35 -0.69048376517380505 521.71500000000003 1.0000000180025095e-35 6174.3300000000008 0.1230393387065588 -0.99408701697496993 0.75000000000000011 2.5000000000000004 -0.65606052007318605 2.5000000000000004 -0.42826595230000325 -0.069495969890235029 -0.14689714325096268 -0.49111139761313422 0.52500000000000013 2.5000000000000004 3502.4350000000004 3.5000000000000004 0.52500000000000013 566.65000000000009 5.5000000000000009 3.5000000000000004 0.52500000000000013 9.2500000000000018 -0.27138398045203466 679.17000000000019 0.52491087997491037
decision_type=2 2 2 2 2 2 2 2 2 2 2 2 2 2 2 2 2 2 2 2 2 2 2 2 2 2 2 2 2 2 2 2 2 2 2 2 2 2 2 2 2 2 2 2 2 2 2
left_child=3 2 6 4 -1 10 38 8 9 20 11 46 13 -7 -6 44 -17 -12 -14 31 21 -4 36 24 25 -13 29 -27 -29 -20 -15 -8 33 -9 -5 -36 -22 -38 39 -2 -30 -42 -24 -40 45 -16 -3
right_child=1 5 7 34 14 12 19 32 -10 -11 17 23 18 30 15 16 -18 -19 26 -21 22 -23 42 -25 -26 27 -28 28 40 -31 -32 -33 -34 -35 35 -37 37 -39 43 -41 41 -43 -44 -45 -46 -47 -48
leaf_value=-0.030998085048841474 -0.036152391019454243 -0.024362512238360889 0.014535128987467781 -0.034781758592654963 -0.03019670793281138 -3.3080800598147078e-05 -0.010670180867229314 -0.004381999172894167 0.10185272418187291 0.089318086198669253 -0.017545424664438206 0.094790785215142878 0.094944927213661323 -0.0014013362496090175 0.016914811102866172 -0.011927404576953831 0.029618377718833647 0.046188287419958514 0.099483522846046724 0.080998520206848626 0.0048274065723200275 0.086672830027265474 0.031415327941891037 -0.027527124002068578 0.082021744947466918 -0.021556006029737475 0.0011816059838285686 -0.03141917518998296 -0.0021231246363060436 0.023541392518784586 0.06500596664049918 0.041414027674821725 -0.025317661853198937 0.059289586585415048 -0.024788311508784841 0.014804534742600099 0.056182868099813238 -0.0075078146333165709 0.070590713439533478 0.060772639488737179 0.10679060825220704 0.016222005525707493 0.078271860343249622 -0.0064154692050443739 0.027959597686717377 0.12960800684807991 0.026322155703297479
leaf_weight=45.139770089648664 33.017481744289398 27.104779760353267 12.865266623906793 167.84233989845961 11.089513511396943 71.357857373543084 13.48749656323344 10.03507341258228 10.125260388478635 10.390517343766986 147.27172824554145 2.766876724548637 5.4443088760599485 5.8851900408044484 3.3417234010994417 37.179669861681759 23.744529640302062 5.169277597218751 4.5995513955131182 4.8879394456744185 46.913019206374884 16.320753297768533 27.097013413906097 5.2463505715131751 7.6122551048174492 10.698773391544824 13.96083025354892 4.0482300668954894 4.1287402873858783 9.4443751657381636 11.709889838472007 10.70295970328152 10.921578874811528 6.8319207597523954 39.580825121607631 14.180471794679759 15.311987602151932 6.5238949693739405 2.2956397123634806 2.132739817723631 4.9943393627181631 4.1516629010438919 9.6099583599716407 9.0731313750147802 6.5372711084783068 5.8808594439178705 6.1021614437922826
leaf_count=4814 2428 1875 308 18765 707 2648 466 244 164 227 10845 139 194 186 121 2060 1284 309 144 77 1340 395 414 272 394 575 504 208 294 260 330 325 256 132 3732 1104 389 143 136 116 226 182 103 504 294 244 382
internal_value=0.000349678 0.0119975 0.0258432 -0.0196773 -0.00255245 0.00177458 -0.000840941 0.0368143 0.0426344 0.037831 -0.00703774 0.00893703 0.0182059 0.00905114 0.0122608 0.0187104 0.00448142 -0.0150973 0.0415823 0.0268298 0.0332285 0.0564093 0.0263433 0.0267328 0.0346563 0.0207337 0.0282925 0.010407 0.0302467 0.0533729 0.0439132 0.0131035 0.00396578 0.0232829 -0.0298909 -0.0142654 0.0156456 0.0376586 -0.0183382 -0.028753 0.0499358 0.0713295 0.0454329 0.013584 0.0701673 0.0944237 -0.0145514
internal_weight=964.758 610.241 258.544 354.517 132.913 351.697 75.5974 182.946 155.158 145.032 229.295 76.8542 122.402 88.9529 87.7736 76.6841 60.9242 152.441 33.4491 29.0784 134.642 29.186 105.456 43.6472 38.4009 30.7886 28.0048 28.0217 17.323 14.0439 17.5951 24.1905 27.7886 16.867 221.604 53.7613 68.7489 21.8359 46.519 35.1502 13.2747 9.146 36.707 11.3688 15.7599 9.22258 33.2069
internal_count=61259 28134 8167 33125 9524 19967 4052 4115 3483 3319 15701 4547 4266 3164 4710 4003 3344 11154 1102 868 3092 703 2389 2290 2018 1624 908 1485 910 404 516 791 632 376 23601 4836 1872 532 3184 2544 702 408 517 640 659 365 2257
is_linear=0
shrinkage=0.05


Tree=20
num_leaves=48
num_cat=0
split_feature=17 6 11 21 11 4 4 17 21 4 18 2 17 17 10 17 11 10 10 10 23 23 11 21 18 3 21 17 13 0 2 14 7 17 17 19 11 10 23 19 20 11 10 11 0 23 0
split_gain=86.4271 43.4955 24.9169 19.3842 17.9825 15.205 17.5227 13.2186 11.9776 9.51917 11.068 9.07898 8.2084 8.19053 7.7026 7.81649 7.56741 6.76846 6.70618 6.60632 6.55315 9.89075 5.92806 5.83291 7.52264 5.62649 5.41012 6.19975 5.60802 5.36497 11.6638 5.81399 5.99932 5.98911 5.89789 6.08497 5.68205 5.12713 6.07101 5.04058 5.67355 4.9712 5.12801 4.88312 7.50259 5.2939 4.82776
threshold=3.5000000000000004 1.0000000180025095e-35 14.050000000000002 0.52500000000000013 5.8500000000000005 1.0000000180025095e-35 -1.0000000180025095e-35 12.500000000000002 0.52500000000000013 1.0000000180025095e-35 3.5000000000000004 -1.0375989529240057 8.5000000000000018 9.5000000000000018 7.8500000000000005 6.5000000000000009 7.3500000000000005 14.15 23.250000000000004 566.65000000000009 9.5000000000000018 20.500000000000004 394.25000000000006 0.65000000000000002 3.5000000000000004 0.73957661800053809 0.4250000000000001 9.5000000000000018 1.6500000000000001 3502.4350000000004 0.17135731943464258 1.0000000180025095e-35 1.0000000180025095e-35 6.5000000000000009 5.5000000000000009 1.5000000000000002 254.55000000000004 2944.1000000000008 10.500000000000002 4.5000000000000009 1.0000000180025095e-35 3.8500000000000001 6.6500000000000012 426.25000000000006 1995.9850000000004 12.500000000000002 5934.9350000000004
decision_type=2 2 10 2 10 2 2 2 2 2 2 2 2 2 2 2 10 2 2 2 2 2 8 2 2 2 2 2 2 2 2 2 2 2 2 2 8 2 2 2 2 8 2 10 2 2 2
left_child=2 3 8 5 9 6 41 16 37 10 14 -11 43 22 -3 18 17 -7 -16 -18 -10 -22 -5 25 -25 -13 27 -19 -28 30 31 32 33 34 35 -8 -37 -1 -39 40 -24 -2 -43 -6 -45 -46 -27
right_child=1 4 -4 13 12 7 29 -9 20 11 -12 23 -14 -15 15 -17 19 26 -20 -21 21 -23 39 24 -26 46 28 -29 -30 -31 -32 -33 -34 -35 -36 36 -38 38 -40 -41 -42 42 -44 44 45 -47 -48
leaf_value=-0.016463627141839864 0.048668107726000866 -0.01078935037932114 -0.032736841302369001 0.019813700332246633 -0.036808183450202946 -0.0065030817300765322 -0.01480020646301373 0.085559299434664671 0.035721403319814382 0.072260756991783942 -0.0018334923906914845 -0.023566213105039462 0.0057116270698194145 0.074866691063624452 0.090477146290978777 0.12514906187279259 -0.010471936394363968 0.020468833524795782 -0.0041067678494674806 0.032345809998362007 -0.018004128194240791 0.053992244075799938 0.037409495032902577 -0.019987199943803668 0.069846170879874103 0.062241257829580059 -0.034425049670087936 0.06590564979644728 0.01950159534217133 0.068100198199786119 -0.035011748453785393 0.087788380697057036 -0.0057372452930920786 0.065709789494446155 -0.024890870669280751 0.0099353539561604885 0.10311309676400947 0.073234930843689719 -0.021886745593525617 0.0032674361699585376 0.080314334666926515 0.035664028325170509 -0.010350912668847446 -0.038012525012938066 0.064119376042727355 -0.014994324189642763 -0.01239538771835925
leaf_weight=115.24522018898278 4.450018777512013 2.726520010270181 182.29796793218702 53.87651886139065 64.402540449984372 31.974848424084485 3.0822728807106632 4.0199360419064751 20.669475917704403 2.6452010078355661 13.04856434650719 38.816909497603774 18.409750062972307 12.331132518127559 2.1879248553886992 4.3657165775075555 91.935201513580978 48.91431500762701 4.3486366141587496 9.0023522190749627 20.009858945384625 5.172512359917163 31.672578496858478 3.7632203921675673 3.9257755931466818 2.9696921454742542 7.2853441750630763 8.3630297146737558 10.549254033714531 18.136245792731643 4.659568120725452 5.5870395936071864 7.4172468231990925 14.326860556378959 4.5173272769898167 3.0724703473970294 3.1869038725271821 2.6100230673328033 2.4676322741433978 6.6680452004075041 11.527504784055052 6.3654657537117592 33.094517017714679 6.9993304223753494 3.7968494123779237 3.2243773369118571 4.1787176206707954
leaf_count=9222 137 151 21185 1782 6354 916 135 76 993 144 596 2332 1253 186 141 150 5274 1316 269 282 1164 275 596 162 152 160 234 112 252 452 138 93 209 250 132 141 108 125 152 122 197 247 1328 670 337 289 231
internal_value=-0.000155202 0.0111005 -0.0200212 0.0196207 -0.00955432 0.0131979 0.0283902 0.00537051 -0.00595943 0.007488 0.0315066 -0.00424435 -0.0240853 0.0370599 0.0613705 0.078807 0.003419 0.0126226 0.0353568 -0.00637329 0.0155611 -0.00171858 0.0318944 -0.00926924 0.0286389 -0.0160852 0.0207427 0.0281201 -0.00318534 0.04488 0.0344374 0.0429374 0.0336931 0.0439104 0.0184694 0.0398164 0.065045 -0.014221 0.0310127 0.0443 0.0504163 0.00389701 -0.00223004 -0.0310639 -0.00398424 0.0304479 0.0224444
internal_weight=964.298 615.826 348.473 436.016 179.81 319.94 107.896 212.044 166.175 82.9769 26.6774 56.2995 96.8328 116.076 13.6288 10.9023 208.024 107.087 6.53656 100.938 45.8518 25.1824 103.745 53.6543 7.689 45.9653 75.1119 57.2773 17.8346 63.9859 45.8497 41.1901 35.6031 28.1858 13.859 9.34165 6.25937 120.323 5.07766 49.8681 43.2001 43.91 39.46 78.4231 14.0206 7.02123 7.14841
internal_count=61222 28106 33116 14715 13391 11832 3370 8462 11931 4488 1307 3181 8903 2883 711 560 8386 2830 410 5556 2432 1439 2697 3037 314 2723 1914 1428 486 1658 1206 1068 975 766 516 384 249 9499 277 915 793 1712 1575 7650 1296 626 391
is_linear=0
shrinkage=0.05


Tree=21
num_leaves=48
num_cat=0
split_feature=16 21 11 6 5 5 2 11 4 4 6 5 5 25 16 2 2 18 25 3 18 2 14 11 5 0 8 11 0 20 25 21 13 6 2 16 20 2 13 13 4 3 3 25 11 0 2
split_gain=80.6545 33.8556 33.7946 19.2254 16.8411 18.969 13.1426 11.8598 14.679 14.5011 10.3479 9.90743 12.103 9.52548 9.33781 9.09366 8.69285 9.18428 12.9887 7.45434 10.5823 8.17366 7.37382 8.13527 7.28733 7.07314 7.01331 8.94938 8.64334 6.82981 7.43279 6.70993 6.73431 6.48925 7.07552 8.38382 6.44173 6.3688 6.32653 6.37196 6.32219 6.07404 5.90152 5.78231 5.77248 5.73808 5.65151
threshold=4.5000000000000009 0.52500000000000013 9.5500000000000025 1.0000000180025095e-35 1.0000000180025095e-35 -1.0000000180025095e-35 1.3827416702207762 378.45000000000005 1.0000000180025095e-35 -1.0000000180025095e-35 1.0000000180025095e-35 1.0000000180025095e-35 -1.0000000180025095e-35 5.5000000000000009 7.5000000000000009 -0.98141578095818194 1.3827416702207762 4.5000000000000009 5.5000000000000009 -0.40949490324992316 1.5000000000000002 0.23565566523386802 1.0000000180025095e-35 5.8500000000000005 1.0000000180025095e-35 6570.4150000000009 1.0000000180025095e-35 5.8500000000000005 1835.1300000000003 1.0000000180025095e-35 2.5000000000000004 0.37500000000000006 76.850000000000009 1.0000000180025095e-35 1.2862992125721389 2.5000000000000004 1.0000000180025095e-35 -0.60669905647216071 106.55000000000001 153.65000000000001 0.75000000000000011 -0.1813027412023758 0.91921840835860713 4.5000000000000009 4.4500000000000011 769.0200000000001 -0.48662428731573099
decision_type=2 2 10 2 2 2 2 8 2 2 2 2 2 2 2 2 2 2 2 2 2 2 2 10 2 2 2 10 2 2 2 2 2 2 2 2 2 2 2 2 2 2 2 2 10 2 2
left_child=2 3 4 6 5 38 14 8 9 -3 31 12 -4 19 26 -16 17 18 29 20 46 -21 36 -24 -11 40 27 -2 -28 30 -9 -6 -33 34 -14 -36 -5 -22 -1 -40 -23 -34 -8 -38 -45 -10 -7
right_child=1 7 11 22 10 13 42 16 45 24 -12 -13 33 -15 15 -17 -18 -19 -20 21 37 25 23 -25 -26 -27 28 -29 -30 -31 -32 32 41 -35 35 -37 43 -39 39 -41 -42 -43 -44 44 -46 -47 -48
leaf_value=-0.038764625968482756 0.0098514478791246821 0.0047956868016023509 -0.039033932791170511 -0.023839333205423714 -0.019075156876227073 0.04461336884700548 0.060747211450316897 0.0091315950686256878 -0.028304243503438881 0.13042592685691304 -0.033290484724182515 -0.035987187315529495 0.0025356886856901122 -0.016687112351479454 0.072069414015849417 0.015823785015751532 -0.0010928206273492246 0.085780672509161465 -0.024391393936414821 -0.0049072678968093125 0.043989238446665538 0.019680618322230618 0.056901388425804528 -0.01708460683314017 0.046776874114217618 0.00025632065048515157 -0.0057558171398796286 -0.017263848247673918 0.075061094727155886 0.087339292725344297 0.064314518185844854 -0.0060554348956082448 0.0051064985779975917 -0.023632783126308329 -4.0215470020682891e-05 0.11595328977911529 -0.010555050196182473 0.12591186118345407 0.076992993090061981 -0.010644158285083942 0.10278052769021473 0.059060227267080878 0.019215331222818703 0.082138459168011158 -0.001378336673192209 0.013335383874344287 -0.022225642639195905
leaf_weight=15.912619833834471 60.686267300508916 9.4663351541385055 29.813297969754785 71.027681331150234 35.303623280487955 8.272247205488382 18.065007966943085 13.005358495749535 9.4582196790724975 4.908128183335065 39.71990891546011 148.06217548204586 29.926055743359029 8.8467479124665243 6.9334050184115759 93.083153455518186 7.2351061822846523 18.692920868285 5.8033770639449349 15.848196160048248 6.2508422387763858 4.5763943558558804 6.8024166207760555 6.4099879525601864 8.0724621256813407 5.7314147669821969 6.3378409566357714 59.122830057516694 5.6329358275979757 9.8229668559506518 11.184217127971349 30.073742983862758 11.396860310807826 17.571807997301221 2.9530400633811942 2.2955124331638217 16.361716480925683 5.7245375895872694 1.7455665301531533 7.7404024843126535 5.136568833142519 8.9566303910687548 17.966253996826708 3.1269063008949152 4.0840714555233717 38.904786803759634 4.049579341895881
leaf_count=1374 1656 373 3828 5460 2764 252 518 293 397 95 4232 18707 1951 285 163 2137 169 389 149 519 174 154 256 464 281 195 146 3448 125 202 275 1921 595 1552 182 100 1272 155 127 565 165 452 499 153 370 1520 120
internal_value=0.000525907 0.014049 -0.0150042 0.00625923 -0.000739137 0.0156882 0.013423 0.0352763 0.0206278 0.0531049 -0.0125338 -0.0282599 -0.014137 0.0299877 0.00896017 0.0203977 0.0505081 0.0568002 0.041426 0.0375794 0.0579943 0.0204231 -0.0114968 0.0223306 0.0854724 0.0451335 0.000191202 -0.00356142 0.0351282 0.053032 0.0361861 -0.00264401 0.00900652 0.000399689 0.0127268 0.0611288 -0.0164055 0.0898361 -0.0203517 0.011287 0.0691188 0.030503 0.0411163 0.0060521 0.04043 0.00478362 0.0226272
internal_weight=958.102 512.194 445.908 375.64 215.286 89.8351 267.828 136.554 70.8099 22.4469 125.451 230.622 82.5597 64.4365 231.796 100.017 65.7439 58.5088 39.8159 55.5898 24.2972 31.2926 107.813 13.2124 12.9806 15.4444 131.78 119.809 11.9708 34.0125 24.1896 85.7309 50.4272 52.7464 35.1746 5.24855 94.6004 11.9754 25.3986 9.48597 9.71296 20.3535 36.0313 23.5727 7.21098 48.363 12.3218
internal_count=61179 20810 40369 16667 14049 4085 8692 4143 2666 749 9964 26320 7613 2019 7675 2300 1477 1308 919 1734 701 1033 7975 720 376 514 5375 5104 271 770 568 5732 2968 3785 2233 282 7255 329 2066 692 319 1047 1017 1795 523 1917 372
is_linear=0
shrinkage=0.05


Tree=22
num_leaves=48
num_cat=0
split_feature=16 5 11 5 11 20 14 7 8 5 0 23 21 3 11 16 21 22 3 5 5 5 23 23 2 13 13 0 0 23 0 18 25 8 0 21 3 0 23 23 2 2 3 25 11 25 0
split_gain=74.7351 35.7589 21.4815 21.0474 17.395 14.3558 10.9351 10.4641 9.90103 9.77608 9.29087 8.47513 8.18068 8.77134 7.63758 8.50382 7.31443 7.54116 7.50493 7.0252 7.42158 6.88136 6.9172 6.3438 6.17185 6.16107 6.4071 6.34181 14.296 6.99966 5.61845 5.56665 5.39546 5.37965 5.02193 5.3012 4.80853 6.81246 5.36203 4.7688 6.84645 8.20492 4.51177 5.08387 4.49252 4.41248 4.39659
threshold=3.5000000000000004 1.0000000180025095e-35 14.050000000000002 -1.0000000180025095e-35 394.25000000000006 1.0000000180025095e-35 1.0000000180025095e-35 1.0000000180025095e-35 1.0000000180025095e-35 1.0000000180025095e-35 6703.7450000000008 5.5000000000000009 0.52500000000000013 1.3562897092121191 5.6500000000000012 11.500000000000002 0.52500000000000013 1.0000000180025095e-35 -0.72917766474536727 1.0000000180025095e-35 -1.0000000180025095e-35 -1.0000000180025095e-35 9.5000000000000018 4.5000000000000009 2.2580490963731048 1.0500000000000003 618.85000000000002 592.74500000000012 1501.5050000000003 3.5000000000000004 1003.4900000000001 1.5000000000000002 1.5000000000000002 1.0000000180025095e-35 645.31000000000006 0.52500000000000013 -0.71727271306420148 1410.8350000000003 7.5000000000000009 13.500000000000002 1.3490114138180451 1.9457580520730759 0.66500137425195716 3.5000000000000004 311.15000000000003 3.5000000000000004 859.47500000000002
decision_type=2 2 10 2 8 2 2 2 2 2 2 2 2 2 10 2 2 2 2 2 2 2 2 2 2 2 2 2 2 2 2 2 2 2 2 2 2 2 2 2 2 2 2 2 8 2 2
left_child=2 3 9 12 7 8 16 14 11 21 30 25 13 33 31 24 17 18 -5 20 -4 -1 32 -14 -16 -6 27 -27 -29 -30 34 -3 -23 44 -11 -36 -7 38 -38 40 -12 -42 43 -39 -2 -44 -34
right_child=1 4 19 6 5 36 -8 -9 -10 10 39 -13 23 -15 15 -17 -18 -19 -20 -21 -22 22 -24 -25 -26 26 -28 28 29 -31 -32 -33 46 -35 35 -37 37 42 -40 -41 41 -43 45 -45 -46 -47 -48
leaf_value=-0.01608862693124305 -0.033915491106839293 -0.033406751423185686 -0.039561224650569528 -0.018238767775381623 -0.026453135568870342 -0.0066605170808636737 0.063962515206950024 0.015449498933211854 0.048637502560725229 -0.021236454843751265 -0.018279024330463564 -0.0096449858299387809 0.078129234004265788 0.05447203870678511 -0.026773576372023985 0.040166827023114561 0.045366774540841599 0.073544528996390843 0.022669115654480192 -0.038601522829996467 -0.0038177297710675186 0.071555416587097395 0.00045204003481033464 0.012761266097861788 0.032118065553796697 0.096791022626696019 -0.027540147107765631 -0.042810716557364757 0.02146439970205034 0.098391196401161923 -0.030554846718584119 0.012092181818979985 -0.022029787810856509 0.040267718320932663 -0.0057820287115603218 0.057351038382252452 0.016278918498306035 0.032084139173692357 0.088349759313723311 -0.012921468338410539 0.12919176203891378 0.00020455458875617683 0.010615687277419156 -0.018717785637105615 -0.0035155207947565078 0.085309986925785453 0.033797886414379377
leaf_weight=19.292887519579381 22.613560714293271 7.362999588251113 22.17865642067045 11.86306465230882 4.7740970319137004 5.5855712997727087 25.069818357937038 32.591299367137253 9.8129115421324951 15.965901312883945 2.0814349725842458 82.243331947363913 3.9972560070455101 4.2000016109086564 109.11455095652491 4.4415190303698173 45.614396027289331 5.6782704265788189 99.846298118121922 109.47680716449395 39.543209210038185 7.0601619845256236 25.881269421428442 16.614395366050303 3.8230215501971534 3.3727456759661498 3.2261114600114515 4.6188932918012169 8.4333596760407072 4.3038022359833112 56.196584179066122 33.401936834678054 4.0121307251974967 3.3430666672065845 7.9504008204676193 4.522933317348361 4.1037752581760278 10.233214227948343 9.6360959517769498 4.302494503557682 2.3371052178554237 1.9602715866640208 3.7834718739613882 7.8898101435042909 25.575433310586959 4.0453162956982851 12.341771345585583
leaf_count=1702 1740 384 3108 326 170 210 309 1683 254 1404 161 3729 158 218 9014 189 758 139 2505 15000 3029 203 998 650 245 146 192 212 318 154 5163 1564 122 132 807 247 167 398 351 365 182 159 146 309 1160 127 392
internal_value=0.000345162 0.0106071 -0.0186533 0.0245047 0.000268152 0.0120616 0.0334522 -0.0100091 0.00296361 -0.00565853 -0.0159478 -0.00147348 0.00231514 -0.00768793 -0.0153199 -0.0217495 0.0283983 0.0214772 0.0182016 -0.0309894 -0.0170875 0.00866415 0.018479 0.0284668 -0.0245157 0.0214569 0.0316825 0.0417429 0.0263553 0.0527277 -0.0215206 0.00327102 0.0375708 -0.0136946 -0.00323721 0.0196681 0.0357438 0.0417281 0.0693887 0.0262719 0.0508763 0.0814992 0.0250523 0.0101454 -0.0181807 0.054503 0.0196214
internal_weight=956.317 621.213 335.104 264.416 356.798 166.063 188.072 190.735 120.785 163.905 95.3171 110.972 76.3437 55.7321 158.144 117.379 163.002 117.388 111.709 171.199 61.7219 68.5882 49.2953 20.6117 112.938 28.729 23.9549 20.7288 17.3561 12.7372 84.6358 40.7649 23.4141 51.5321 28.4392 12.4733 45.2773 39.6917 13.7399 10.6813 6.37881 4.29738 25.9518 18.123 48.189 7.82879 16.3539
internal_count=61099 28057 33042 8095 19962 6883 4037 13079 5175 11905 8488 4921 4058 3250 11396 9448 3728 2970 2831 21137 6137 3417 1715 808 9259 1192 1022 830 684 472 7621 1948 717 3032 2458 1054 1708 1498 518 867 502 341 980 707 2900 273 514
is_linear=0
shrinkage=0.05


Tree=23
num_leaves=48
num_cat=0
split_feature=16 6 21 5 5 21 0 6 5 11 5 3 4 8 11 0 16 11 11 0 0 0 11 19 11 14 11 13 18 13 13 18 13 3 3 4 23 11 5 11 23 23 23 3 11 13 23
split_gain=72.7348 41.4889 21.778 21.0002 16.5536 14.1778 10.8657 10.4845 10.3495 10.1241 9.33029 9.1874 10.8276 8.69308 9.05891 8.66664 8.07707 7.72799 7.718 8.21802 7.57822 7.49119 7.0375 6.69072 6.61979 6.48015 6.2538 6.13124 6.42462 7.17883 5.91047 9.40905 9.34833 5.72891 5.85544 5.67077 9.40193 9.97758 8.36297 5.7409 5.48941 6.14997 6.57054 5.42707 5.29811 5.29607 5.23456
threshold=6.5000000000000009 1.0000000180025095e-35 0.52500000000000013 1.0000000180025095e-35 1.0000000180025095e-35 0.65000000000000002 1068.4950000000001 1.0000000180025095e-35 1.0000000180025095e-35 108.65000000000002 -1.0000000180025095e-35 2.0725720960241323 1.0000000180025095e-35 1.0000000180025095e-35 74.950000000000017 4731.920000000001 1.5000000000000002 236.45000000000002 195.85000000000005 347.72500000000008 881.76500000000021 3332.5800000000004 7.3500000000000005 2.5000000000000004 60.750000000000007 1.0000000180025095e-35 414.85000000000008 149.95000000000002 3.5000000000000004 278.45000000000005 338.25000000000006 1.5000000000000002 440.45000000000005 0.66500137425195716 0.15463028324280015 1.0000000180025095e-35 8.5000000000000018 54.050000000000004 -1.0000000180025095e-35 595.25000000000011 11.500000000000002 19.500000000000004 16.500000000000004 -0.68784426316330016 432.85000000000008 190.25000000000003 8.5000000000000018
decision_type=2 2 2 2 2 2 2 2 2 10 2 2 2 2 8 2 2 10 8 2 2 2 10 2 8 2 8 2 2 2 2 2 2 2 2 2 2 10 2 8 2 2 2 2 8 2 2
left_child=1 2 3 9 5 35 16 17 10 13 -3 22 -13 14 21 -8 -4 45 -18 -20 43 -1 27 -21 -17 -19 -9 -5 -29 -30 -11 32 -32 34 -23 36 44 -38 39 -37 -28 42 -42 -16 -2 -6 -40
right_child=4 8 6 11 7 -7 15 26 -10 30 -12 12 -14 -15 20 24 18 25 19 23 -22 33 -24 -25 -26 -27 40 28 29 -31 31 -33 -34 -35 -36 38 37 -39 46 -41 41 -43 -44 -45 -46 -47 -48
leaf_value=-0.023172158214507854 0.033380194813460204 -0.03570794390467423 -0.0027204573697041214 -0.019770360216897077 0.015804171222448381 0.071627805168726119 -0.00388664388043948 -0.027926884404756241 -0.036619237065454717 -0.026892009450108098 -0.00075932277262988693 0.09552962169719785 -0.010197936002492136 0.066959799203218831 0.017726000771365515 0.072158405354983732 0.013599884762841583 -0.02536378495414179 0.0040704831814489372 0.10639525128013444 0.013509670836969481 0.0017121959860879152 -0.030988226878199267 0.030999560793355446 0.012862389584607871 0.044368368082433801 -0.019274455576252816 -0.0074779357358526173 0.086196253566981643 -0.0031421422607931524 0.11766622384074284 -0.021897362584273883 -0.0023569366534639449 -0.014340781227644279 0.098561456870459169 -0.031223859971857528 0.087181293860773501 0.021168218557651129 0.044837245618589337 0.017108000981525717 0.013703632132559979 -0.017922640388366388 0.10976534530976303 0.088183220473161711 -0.023835029773251706 0.045403758501665642 0.015325373956273175
leaf_weight=23.640767194330692 8.0856007933616603 29.358949235640466 9.2616621190682036 58.211720494553447 85.595269775949419 18.48054928611964 58.670204965863377 25.454917630180717 132.65421176189557 26.113843153230846 51.603748110122979 2.7491665841080231 6.3717595394700766 6.90484450245276 5.4485911824740469 6.2421083119697895 10.451843829359861 16.349083588458601 4.1737295510247376 10.207804143894462 36.922338480129838 2.7798659894615394 91.152316263876855 5.4666619687341145 15.118495761882512 3.17001056857407 8.4743604520335811 18.457193589769307 3.71971814893186 4.1654098909348249 2.2685451102443022 7.5798448212444782 3.1449477002024651 4.3979067001491785 2.666622219607234 11.681978909298779 13.345157489180567 10.904903359711168 24.381339581683278 11.018006779253481 4.4087983807548863 3.543552921153605 2.4256999911740422 6.1193231712095422 6.358843027614058 18.068377000279725 41.129216402769089
leaf_count=1288 185 3258 652 3958 2311 260 2961 2278 16022 2000 3118 185 487 206 218 277 537 778 118 327 1376 150 10429 147 750 102 511 1122 151 164 177 493 269 223 131 737 176 260 334 269 254 200 149 227 91 321 608
internal_value=-0.000489563 -0.0100703 -0.00114764 -0.00808499 0.0192617 0.0315548 0.0169148 0.00846706 -0.0280421 0.00745044 -0.0137135 -0.018825 0.0279599 0.0167246 0.0117372 0.00614562 0.0380114 0.0159388 0.0501509 0.0678227 0.025347 -0.00813482 -0.0213981 0.0835362 0.0326423 -0.0124285 -0.012199 -0.0108183 0.00896383 0.0439602 -0.0135186 0.0133601 0.0584437 0.0267834 0.0570635 0.0252048 0.0410766 0.0595102 0.01786 -0.00803276 0.00937406 0.0324054 0.0574566 0.0590482 0.00828006 0.0213478 0.0268179
internal_weight=958.9 646.024 432.407 312.815 312.876 145.386 119.593 167.49 213.617 127.987 80.9627 184.827 9.12093 88.8803 81.9754 80.0308 39.5617 123.183 30.3 19.8482 48.4903 33.4852 175.706 15.6745 21.3606 19.5191 44.3073 84.554 26.3423 7.88513 39.1072 12.9933 5.41349 9.84439 5.44649 126.905 38.6945 24.2501 88.2105 22.7 18.8524 10.3781 6.8345 11.5679 14.4444 103.664 65.5106
internal_count=61245 51421 29023 23254 9824 2920 5769 6904 22398 6758 6376 16496 672 3819 3613 3988 1781 3512 1129 592 1821 1792 15824 474 1027 880 3392 5395 1437 315 2939 939 446 504 281 2660 712 436 1948 1006 1114 603 403 445 276 2632 942
is_linear=0
shrinkage=0.05


Tree=24
num_leaves=48
num_cat=0
split_feature=16 21 10 11 16 11 10 4 20 4 22 5 4 11 0 4 5 18 11 2 23 23 16 10 2 10 2 11 2 5 5 0 10 23 4 20 0 16 14 10 25 0 3 5 16 20 2
split_gain=57.6912 35.396 22.3473 18.9945 19.9401 15.8719 13.2765 12.4153 10.4421 10.3769 9.79031 9.40788 8.90671 8.73172 8.31456 7.98556 7.65783 7.52379 7.08282 6.78791 6.61902 6.46061 6.20473 6.15119 6.01372 9.57658 7.58215 11.5052 9.82585 5.96645 7.5454 5.54365 5.45142 8.97596 7.79677 6.92305 5.8469 5.12529 4.96629 4.79344 4.80943 4.74765 4.55038 8.00675 4.49351 7.30304 5.48707
threshold=2.5000000000000004 0.52500000000000013 204.00000000000003 5.4500000000000011 11.500000000000002 9.5500000000000025 566.65000000000009 1.0000000180025095e-35 1.0000000180025095e-35 1.0000000180025095e-35 1.0000000180025095e-35 1.0000000180025095e-35 -1.0000000180025095e-35 21.250000000000004 310.26000000000005 -1.0000000180025095e-35 -1.0000000180025095e-35 1.5000000000000002 325.65000000000003 1.2862992125721389 20.500000000000004 9.5000000000000018 1.5000000000000002 24.750000000000004 0.76012347138958813 45.050000000000004 -0.62256172682738897 175.65000000000001 -0.80451554878340448 1.0000000180025095e-35 -1.0000000180025095e-35 3589.1550000000002 12.450000000000001 14.500000000000002 0.75000000000000011 1.0000000180025095e-35 2102.3350000000005 4.5000000000000009 1.0000000180025095e-35 43.350000000000001 1.5000000000000002 1293.8700000000001 -0.54679602084753187 1.0000000180025095e-35 7.5000000000000009 1.0000000180025095e-35 -0.52951336356204737
decision_type=2 2 2 10 2 10 2 2 2 2 2 2 2 10 2 2 2 2 8 2 2 2 2 2 2 2 2 10 2 2 2 2 2 2 2 2 2 2 2 2 2 2 2 2 2 2 2
left_child=5 3 13 8 6 11 7 10 19 12 15 16 -10 14 -3 31 -1 -15 -4 29 32 22 -18 -22 26 -26 27 -19 -29 30 -2 -5 33 -16 41 36 -36 -21 -32 40 -33 -34 -8 -44 -9 -46 -47
right_child=1 2 18 4 -6 -7 42 44 9 -11 -12 -13 -14 17 20 -17 21 24 -20 37 23 -23 -24 -25 25 -27 -28 28 -30 -31 38 39 34 -35 35 -37 -38 -39 -40 -41 -42 -43 43 -45 45 46 -48
leaf_value=-0.021362338008641707 -0.014938852870509226 -0.028774038306481571 0.035052304467040614 -0.034069162543787751 0.060171586458955428 -0.032731168493887172 -0.011524372368113815 -0.027834636246026563 0.013029180535930702 0.012873147378699636 0.070028689989457688 -0.019659469658110867 0.078184628763511635 -0.024206851674555531 0.063715067945154691 0.011552668439952346 0.062697415656264993 -0.013976254570939393 0.1152194109624801 -0.0076014694954555685 0.027355047688796721 0.00067937281805046355 0.0015833990392037697 0.099580203866671491 0.013303122022361353 0.10085136121966352 -0.0066555131322187282 0.010305995106011531 0.11048713189384228 -0.0084324205700345763 0.0139609983369162 0.041951263644985637 0.066533054331122513 -0.0026941004094286685 -0.034774641742487754 0.038174233794921526 0.011884607933950728 0.037666657374311963 0.056803564188117286 0.057142368042436401 -0.041392260423165628 0.021139285828544352 0.08006874599182344 0.0070311036437999755 -0.020762186843581849 -0.020896722043932781 0.04731194796498165
leaf_weight=14.407662080600856 19.068591174669564 4.9290110119618467 5.798773703631011 22.568060369696472 9.1546590551733953 126.15614631352946 5.1617541546002057 114.17002300592139 8.8931745947338641 45.705075182486326 3.9345995425246647 65.210923516191542 13.663256377913058 13.868564254138617 18.984037139918659 41.321955013088882 11.136066808365287 7.0092904861085072 7.7347728121094415 8.168440062087031 6.8362606195732933 19.995743442326784 6.3943405877798787 6.1224114526994526 9.6759618064388615 3.8945489828474811 33.889637917745866 4.6144382804632196 4.8208353547379348 88.55050938995555 41.080738401971757 1.6924850679934005 9.2497328016906994 6.7204797547310582 11.809449201915415 9.1312933717854303 13.328222960233687 22.08910960983485 7.4136583786457768 2.6688357251696289 4.0525046964175999 16.622528785839677 6.081515572965146 8.4371685073710943 31.981968535110354 3.8055893946439028 7.4826821153983456
leaf_count=1291 842 117 198 1879 302 16426 270 10896 332 1669 252 6236 334 960 433 2454 322 405 134 463 163 749 179 138 497 171 1748 240 232 4318 817 126 219 172 324 223 353 569 69 161 309 427 175 493 1593 179 338
internal_value=0.000479689 0.00766241 0.0257542 0.000802612 -0.00861888 -0.0204908 -0.0113313 -0.0146778 0.0105114 0.0270942 0.0018775 -0.0071433 0.0541398 0.0208438 0.0302823 -0.00273585 0.00864718 0.00803021 0.0856452 0.00432554 0.0334872 0.0204244 0.0416941 0.0661676 0.0152914 0.0436255 0.00695134 0.033767 0.067175 6.67391e-05 0.0111666 -0.0215584 0.0278488 0.0469016 0.0190717 0.00316413 -0.0105273 0.0255937 0.021526 0.012053 -0.0142597 0.0392402 0.0271924 0.0408129 -0.0226557 -0.00867099 0.0244877
internal_weight=955.487 712.187 195.04 517.146 262.514 243.301 253.359 233.679 254.633 68.2615 76.2384 117.145 22.5564 181.507 103.733 72.3038 51.9338 77.7733 13.5335 186.371 98.8044 37.5262 17.5304 12.9587 63.9047 13.5705 50.3342 16.4446 9.43527 156.113 67.563 30.9819 85.8457 25.7045 60.1412 34.269 25.1377 30.2575 48.4944 8.41383 5.74499 25.8723 19.6804 14.5187 157.44 43.2702 11.2883
internal_count=61197 35994 7154 28840 19427 25203 19125 18187 9413 2335 5181 8777 666 6822 2569 4929 2541 4253 332 7078 2452 1250 501 301 3293 668 2625 877 472 6046 1728 2475 2151 605 1546 900 677 1032 886 596 435 646 938 668 13006 2110 517
is_linear=0
shrinkage=0.05


Tree=25
num_leaves=48
num_cat=0
split_feature=6 16 16 8 11 4 4 11 13 11 18 14 13 13 3 0 16 20 19 23 4 0 21 11 13 21 18 0 11 16 11 11 0 23 13 0 0 3 9 0 0 23 23 4 16 13 13
split_gain=50.9914 32.1357 22.604 19.9179 14.3178 12.6372 27.8701 12.5521 12.5339 10.6238 9.30631 8.58446 8.2395 20.6322 8.10935 10.0152 6.98272 8.04416 6.96687 6.72333 6.29756 7.50635 6.23942 5.97348 11.0446 5.85633 8.32984 6.09595 5.80024 5.77907 5.73922 5.54539 5.44225 5.38219 5.26955 5.15851 16.0112 13.3063 4.94582 4.73968 4.68828 4.60624 6.58443 4.64153 8.10719 6.80894 6.70059
threshold=1.0000000180025095e-35 2.5000000000000004 6.5000000000000009 1.0000000180025095e-35 0.8500000000000002 1.0000000180025095e-35 -1.0000000180025095e-35 1342.3000000000004 134.35000000000005 23.750000000000004 6.5000000000000009 1.0000000180025095e-35 139.25000000000003 278.45000000000005 -0.043928720024312008 1742.4150000000002 7.5000000000000009 1.0000000180025095e-35 5.5000000000000009 8.5000000000000018 1.0000000180025095e-35 569.46000000000015 0.65000000000000002 47.350000000000001 134.35000000000005 0.52500000000000013 2.5000000000000004 1042.4300000000003 1.0500000000000003 5.5000000000000009 210.15000000000001 4.2500000000000009 1068.4950000000001 16.500000000000004 313.35000000000008 2193.9900000000002 3418.8200000000006 -0.43777240769489945 1.0000000180025095e-35 6303.2700000000013 700.19500000000005 3.5000000000000004 19.500000000000004 0.75000000000000011 9.5000000000000018 208.15000000000001 406.65000000000003
decision_type=2 2 2 2 10 2 2 8 2 10 2 2 2 2 2 2 2 2 2 2 2 2 2 10 2 2 2 2 8 2 8 8 2 2 2 2 2 2 2 2 2 2 2 2 2 2 2
left_child=1 4 9 5 20 6 29 16 22 18 -11 28 -13 -14 15 32 33 39 38 35 21 -1 40 -19 -25 26 -5 -28 -4 -3 -30 -31 34 -7 -10 37 -37 -9 -2 -18 -8 -32 43 44 45 -43 -47
right_child=2 3 11 25 -6 7 8 19 14 10 -12 12 13 -15 -16 -17 17 23 -20 -21 -22 -23 -24 24 -26 -27 27 -29 30 31 41 -33 -34 -35 -36 36 -38 -39 -40 -41 -42 42 -44 -45 -46 46 -48
leaf_value=0.090147591893797729 -0.019417881446282471 -0.022479053626992016 0.065762981664267181 -0.0006940828913758715 -0.023157594033066019 -0.0025915118373507177 -0.018361568302812759 0.04169407620101908 0.063518542534703681 -0.040373533073797381 0.033002167792539776 -0.00061334520545423441 0.14297550331091621 -0.01651337231305498 0.092982260499563055 -0.008808240306255502 -0.0075678091078815214 -0.0065488826899985893 0.045791843889739968 0.0084481654441371044 -0.0040411987883139464 0.014077821854497324 0.058580207749911267 0.11345475217525497 0.012045377629624893 0.081577398450723773 0.008034468911051083 0.07226179309699228 -0.023240924894003725 0.052252350978861953 -0.030396038867776223 0.00046584406287430031 0.098362002706878227 -0.024797235019418003 -0.00047607704013149252 0.10670300556668835 0.016886223495481717 -0.032965994872758329 0.03344176531241403 0.032622475423909385 0.022684456589051095 0.10179516955341356 -0.030128013977801162 0.0044009809552372162 -0.02497306379161289 -0.026693099024650249 0.070115170956659714
leaf_weight=3.2169377198442843 95.97420937474817 23.41348768863827 1.9879075335338701 10.54460389306769 99.310901812743396 90.883417305536568 7.5916111902333787 16.091598496772352 6.6263734935782903 98.730071293655783 3.798355132341384 6.7999939760193211 3.6029718434438109 3.2914712512865663 13.23204535525292 6.8400743314996353 35.860495091415942 4.2844429444521657 3.6594055583700529 76.00551151484251 37.203760876320302 16.403974004089832 9.8573367632925493 4.3703271793201548 5.9090540502220392 9.5372536531649512 5.4203228433616486 12.783431205898522 26.13595469109714 5.1119603645056477 6.1505114287137976 33.640260736458004 5.7818864462897173 38.168462365865707 5.5379729024134576 7.0794023685157326 14.096647614613174 8.2748886095359904 3.7508817277848712 8.158633014187215 40.022041094955057 4.8417763737961632 6.0837352061644188 15.077093624509871 2.7299585081636915 3.0725587038323283 2.2952987793833017
leaf_count=146 8071 1567 88 347 11506 5880 236 378 164 13253 462 334 147 155 381 214 1127 105 267 1818 2504 866 169 110 180 172 128 295 1989 94 331 924 134 2502 165 162 304 208 305 194 1066 156 338 852 109 183 126
internal_value=0.000338038 0.00798475 -0.0171871 0.0141076 -0.0117872 0.0112025 0.0226794 0.00529617 0.0395016 -0.0259959 -0.0373627 0.00496136 0.0396382 0.0743872 0.0615775 0.0418566 -0.00281845 0.0113745 -0.0144733 0.0177436 0.0081413 0.0303166 0.0240946 0.0422714 0.0613962 0.0483431 0.034946 0.0545518 -0.00245514 -0.00337669 -0.00544347 0.00843981 0.0606128 -0.00929926 0.0365611 0.0327418 0.0503706 0.0160394 -0.0171174 0.000440348 0.0158969 0.00639613 0.0137091 0.0239384 0.0447543 0.0639634 0.0192123
internal_weight=949.241 661.259 287.982 505.124 156.136 466.838 157.655 309.183 95.4893 205.913 102.528 82.0692 13.6944 6.89444 38.0184 24.7863 187.635 58.583 103.384 121.548 56.8247 19.6209 57.471 14.5638 10.2794 38.2856 28.7484 18.2038 68.3748 62.1657 66.3869 38.7522 17.9462 129.052 12.1643 45.5425 21.176 24.3665 99.7251 44.0191 47.6137 40.2509 34.1004 28.0167 12.9396 10.2096 5.36786
internal_count=61212 34046 27166 19024 15022 18082 5114 12968 2529 22358 13715 4808 636 302 1058 677 10098 1716 8643 2870 3516 1012 1471 395 290 942 770 423 4172 2585 4084 1018 463 8382 329 1052 466 586 8376 1321 1302 2095 1764 1426 574 465 309
is_linear=0
shrinkage=0.05


Tree=26
num_leaves=48
num_cat=0
split_feature=6 16 5 21 14 5 5 13 0 5 4 16 0 16 4 4 11 2 11 11 11 13 3 0 3 10 3 11 10 13 2 18 11 2 11 19 11 2 2 16 11 11 11 3 3 13 11
split_gain=57.3586 35.6362 20.1909 15.2765 14.4594 13.2473 11.9168 10.3202 10.2837 9.6772 9.4521 8.76083 8.4107 8.21719 8.19555 8.88882 8.1491 8.02881 7.92377 7.758 7.63777 7.46704 7.36066 6.77207 6.35178 6.28154 6.23917 8.92856 7.42782 6.95027 6.13686 6.08087 5.76097 5.71501 6.31141 6.01326 9.25284 5.6824 10.916 6.79756 5.57716 5.29612 8.16183 5.10692 5.39595 5.08519 5.0533
threshold=1.0000000180025095e-35 2.5000000000000004 1.0000000180025095e-35 0.52500000000000013 1.0000000180025095e-35 1.0000000180025095e-35 -1.0000000180025095e-35 47.750000000000007 3548.8050000000007 -1.0000000180025095e-35 1.0000000180025095e-35 7.5000000000000009 2587.0150000000008 2.5000000000000004 -1.0000000180025095e-35 1.0000000180025095e-35 329.25000000000006 -0.32259484633446006 7.3500000000000005 846.55000000000007 239.45000000000002 402.15000000000003 -0.65977402544122599 310.26000000000005 0.25201768197009738 17.250000000000004 0.66500137425195716 0.65000000000000002 120.95000000000002 80.950000000000017 -1.1056940681522371 1.5000000000000002 inf -0.60174427343961001 260.85000000000008 3.5000000000000004 225.35000000000005 0.15562142887080119 0.81759655902762607 8.5000000000000018 2.2500000000000004 66.550000000000011 72.050000000000011 -0.0091563102156350055 -0.6005228685755738 22.150000000000002 481.15000000000003
decision_type=2 2 2 2 2 2 2 2 2 2 2 2 2 2 2 2 8 2 10 8 10 2 2 2 2 2 2 10 2 2 2 2 8 2 8 2 8 2 2 2 10 10 10 2 2 2 10
left_child=1 5 4 8 6 9 32 -6 11 -1 -10 18 23 -4 17 43 -17 -5 25 -7 37 -18 -11 -13 40 -3 28 -28 30 -30 -15 -27 -2 34 -25 -35 -37 -12 -39 -40 -24 -20 -43 44 -16 -44 -23
right_child=2 3 13 14 7 19 -8 -9 10 22 20 12 -14 26 15 16 21 -19 41 -21 -22 46 24 33 -26 31 27 -29 29 -31 -32 -33 -34 35 -36 36 -38 38 39 -41 -42 42 45 -45 -46 -47 -48
leaf_value=-0.024636510089112332 -0.044406004765511486 -0.010238361409118171 -0.046324706481189915 0.029091751056949063 -0.010738077607685881 -0.034738155659757138 0.0043786851343021798 0.088824030821674893 0.043023920428377938 -0.021600951947909969 0.059986058736481912 -0.024754391811067467 -0.020322732822746114 0.027750973434970225 0.033005117346670131 0.010248647146178139 0.049997075337858354 -0.034014424366780198 -0.035904932161893235 -0.0038544806718997099 -0.024121916424581929 -0.026381457331349629 0.064770755182779902 0.015994073285572612 -0.0035429889247226053 -0.010811490323428225 0.047392734344120016 -0.020474320706076448 0.050534612720015776 -0.023005442929234225 -0.034179405558347205 0.025661100346445271 -0.0024471874332504568 0.0010401433854906102 0.065451975099568238 0.078832444358301682 0.0040192434121131748 -0.024972215404871694 0.013457852641836091 0.062135659087773812 0.017044555881824131 0.079295442012819517 0.056788285573679279 0.021156047799741545 0.091893556715331032 -0.012606738421920073 0.032865852551811826
leaf_weight=18.353836520109326 23.792708684690297 30.957254186272621 48.80173551524058 9.1666471306234616 3.8109763697721046 59.70273756980896 71.26004533842206 6.0633321148343384 36.703668310306966 8.921760658733545 6.488377366680651 5.9863353315740815 12.12796006631106 3.4779198830947271 7.8743035690858987 46.038438452873379 38.758733316324651 9.0006250003352744 18.829991511534899 30.988410573918372 11.509783579036592 5.8439867831766588 11.723074990324678 11.983027792535724 11.512859591282902 14.375775557011364 6.626798014156523 12.323389243800191 4.9121944974176568 6.1398573047481477 84.53778268257156 46.973371375352144 12.391189104877411 27.105648711323738 15.450980002060531 6.8421630598604652 8.9790091644972563 13.2295760884881 28.511542520485818 8.9822703199461085 13.703267138451336 1.6902743605896819 1.7808054233901192 8.1211899789050204 12.10912306699902 59.83790548844263 6.6223831526003778
leaf_count=2162 2996 1195 7316 252 120 8151 3674 200 1140 413 284 144 270 385 134 1625 668 258 1421 2564 706 117 293 343 547 528 411 1324 347 443 9161 1424 842 576 281 153 155 514 1217 133 893 123 122 162 222 4576 252
internal_value=0.000800682 0.00881569 -0.0179731 0.0151688 -0.00204177 -0.0121405 -0.00753672 0.0529443 0.00973017 0.00520174 0.0228486 0.00440332 0.0171245 -0.0290981 0.0289616 0.0334766 0.0258475 -0.00231645 -0.00210945 -0.0243426 0.0116106 0.0394022 0.0174141 0.023259 0.0271582 0.0079054 -0.0216453 0.00444444 -0.0266304 0.0111612 -0.031448 0.0170783 -0.0304894 0.0276336 0.0451713 0.0156524 0.0391367 0.0190901 0.0128003 0.0264307 0.0406675 -0.0133237 -0.00615348 0.0580839 0.0713678 -0.00972633 0.0051953
internal_weight=950.925 666.787 284.138 511.881 117.318 154.906 107.444 9.87431 368.346 64.2148 105.425 262.921 88.4751 166.82 143.535 125.368 97.2635 18.1673 174.445 90.6911 68.7215 51.2251 45.861 76.3472 36.9392 92.3064 118.018 18.9502 99.0678 11.0521 88.0157 61.3491 36.1839 70.3608 27.434 42.9268 15.8212 57.2118 50.7234 37.4938 25.4263 82.139 63.309 28.1046 19.9834 61.6187 12.4664
internal_count=61237 34018 27219 18995 7832 15023 7512 320 15305 4308 3994 11311 1922 19387 3690 3180 2662 510 9389 10715 2854 1037 2146 1652 1733 3147 12071 1735 10336 790 9546 1952 3838 1508 624 884 308 2148 1864 1350 1186 6242 4821 518 356 4698 369
is_linear=0
shrinkage=0.05


Tree=27
num_leaves=48
num_cat=0
split_feature=16 6 11 5 6 5 11 20 3 0 10 21 2 23 23 5 10 10 13 13 11 13 3 2 18 0 0 10 0 0 23 10 21 13 3 21 5 13 2 10 0 0 0 3 3 16 5
split_gain=46.704 29.6831 16.5823 15.8155 15.2973 9.0229 8.15552 7.88437 7.81265 7.91145 7.81177 7.52726 7.43967 7.38092 7.91703 7.00537 6.82902 6.65627 6.4695 8.13733 9.17671 6.45669 6.52593 6.38563 6.10725 5.54869 10.8254 8.6652 6.68857 6.45413 5.53058 5.43505 6.41194 5.7408 6.15589 5.19183 7.00396 6.39261 6.83408 6.66935 5.62211 5.00416 7.27125 6.38201 4.96233 4.9574 4.83337
threshold=5.5000000000000009 1.0000000180025095e-35 17.650000000000002 1.0000000180025095e-35 1.0000000180025095e-35 1.0000000180025095e-35 6.0500000000000007 1.0000000180025095e-35 -0.33369517794163417 1705.1150000000002 2591.1000000000008 0.65000000000000002 -0.679336792826428 16.500000000000004 7.5000000000000009 -1.0000000180025095e-35 128.75000000000003 566.65000000000009 8.0500000000000025 139.25000000000003 108.65000000000002 106.55000000000001 -0.0091563102156350055 -0.64836669172017158 6.5000000000000009 1094.4400000000003 1894.325 11.950000000000001 769.0200000000001 463.99000000000007 5.5000000000000009 5.2500000000000009 0.52500000000000013 149.95000000000002 -0.47356320178307793 0.52500000000000013 1.0000000180025095e-35 34.45000000000001 -0.75948516035919356 49.050000000000004 10077.905000000001 1003.4900000000001 4880.0100000000011 -0.59226985531205667 -0.61258281798743652 2.5000000000000004 -1.0000000180025095e-35
decision_type=2 2 10 2 2 2 10 2 2 2 2 2 2 2 2 2 2 2 2 2 8 2 2 2 2 2 2 2 2 2 2 2 2 2 2 2 2 2 2 2 2 2 2 2 2 2 2
left_child=1 2 5 8 7 15 16 11 9 -2 35 -5 -10 14 -13 21 -3 -6 -9 20 -20 -1 -23 -12 -8 28 -27 -28 29 -17 -21 -7 33 -33 -35 36 46 -37 39 -39 -40 43 -43 -34 -32 -18 -4
right_child=3 6 10 4 17 31 24 18 12 -11 23 13 -14 -15 -16 25 45 -19 19 30 -22 22 -24 -25 -26 26 27 -29 -30 -31 44 32 41 34 -36 37 -38 38 40 -41 -42 42 -44 -45 -46 -47 -48
leaf_value=-0.025517882991182239 0.019996092166381776 -0.018947855736877163 -0.027772583249691986 -0.00027154235517235311 -0.022139975751752416 0.028273307939772663 -0.038567808559866856 0.0023622110037357629 0.085516898952973097 -0.018032590667870434 -0.033019095889252996 0.0058810502387821872 0.029505773370455991 -0.012831786830843779 0.07779838477283077 0.053811911051721117 -0.016194134923910881 0.031234076096695186 0.010180649304100302 0.065828146605965365 0.097559611198502982 -0.0078144636149526728 0.078052113342234455 0.060975412624503435 0.029007846948821126 -0.01878063430373076 -0.014432683031753971 0.047571184243587188 0.083430075456939784 -0.011976061501290639 0.046932189772386841 -0.022729994698692579 0.0072776759239010953 -0.029796495832650396 0.027106658171617476 -0.03861065543314933 -0.030046807662463454 0.084206151715265687 -0.0084267306347721293 -0.017002573003848154 0.070645066303878568 -0.020210583999061241 0.04096880961216226 0.080505447583691186 -0.014756306152430732 0.057219286160397835 0.0062569182186067709
leaf_weight=12.738464606460186 71.206286344211549 71.235004687216133 14.452169684227554 100.86328553874046 55.056741228327155 13.458034077193586 87.959280490875244 15.016108497977255 5.7113659065216771 16.045075894799083 1.8067255779169498 6.5577538143843439 96.958325867075473 6.2356911813840261 8.8197883833199722 7.3126830300316232 3.3280177670530966 5.641856111586093 4.6815596092492351 3.6257552122697261 8.8898375015705824 4.7926415866240859 2.8687124801799646 5.2367934160865834 2.7816511364653698 13.242368017323313 6.7572857746854451 24.098573646508157 7.9884511893615118 6.2117227045819163 3.5286889011040339 46.868419173639268 7.3923127688467503 6.0886324020102647 13.644418001174925 7.1711277049034825 70.134632160421461 4.175362661015245 23.72444562101737 1.9490904170088468 1.4731392534449685 14.864667790941896 6.0006751632317892 4.2463387306779605 10.659189905971285 4.5338657218962908 31.324575275182724
leaf_count=950 1692 6382 1855 3538 4919 909 12843 351 141 378 142 129 2078 124 165 143 257 241 203 124 214 275 141 368 351 299 169 506 136 137 109 3583 249 390 727 584 9344 312 2056 149 116 661 222 128 340 222 1951
internal_value=0.00101498 -0.0088459 -0.000699471 0.0134615 0.00459625 0.00895702 -0.0260095 0.0123231 0.0240976 0.0128777 -0.0125586 0.00557113 0.0334164 0.0316436 0.049361 0.0210492 -0.0140098 -0.0167531 0.0296517 0.0422322 0.0701848 -0.00438703 0.0296368 0.0357574 -0.0362027 0.028905 0.0180612 0.0339658 0.0493434 0.0248515 0.0183377 -0.000386719 -0.00452217 -0.0133474 0.00895888 -0.0149785 -0.0202227 0.000925008 0.0108911 0.0541312 -0.00128375 0.0134196 -0.00154696 0.0382506 0.00266625 0.027822 -0.00485058
internal_weight=949.358 529.86 360.022 419.497 229.576 198.574 169.838 168.878 189.921 87.2514 161.448 122.477 102.67 21.6132 15.3775 86.0109 79.0969 60.6986 46.4011 31.385 13.5714 20.3998 7.66135 7.04352 90.7409 65.6111 44.0982 30.8559 21.5129 13.5244 17.8136 112.563 99.1055 66.6015 19.7331 154.405 115.911 38.4932 31.322 6.12445 25.1976 32.504 20.8653 11.6387 14.1879 7.86188 45.7767
internal_count=61303 46557 26502 14746 10457 9625 20055 5297 4289 2070 16877 3956 2219 418 294 2756 6861 5160 1341 990 417 1366 416 510 13194 1390 974 675 416 280 573 6869 5960 4700 1117 16367 13150 3217 2633 461 2172 1260 883 377 449 479 3806
is_linear=0
shrinkage=0.05


Tree=28
num_leaves=48
num_cat=0
split_feature=16 6 11 4 4 11 4 4 5 5 0 13 21 20 0 23 11 19 2 14 21 0 21 21 11 14 2 5 21 23 16 25 16 13 16 0 14 4 0 13 2 2 3 25 13 11 3
split_gain=48.5346 26.4936 15.4176 14.8737 28.6586 14.134 10.6453 16.1006 8.37885 13.5127 12.139 8.06581 7.79501 7.59637 7.19785 9.03111 7.11839 6.99109 6.94247 6.93787 8.24844 6.92176 7.11582 6.59706 6.81308 7.70866 6.74925 6.239 6.23792 8.6109 7.1759 7.03292 6.19166 6.0989 5.75161 7.69221 5.74961 5.5835 5.53178 5.49933 5.48395 13.4729 7.36162 6.76083 6.74101 5.42036 5.91582
threshold=2.5000000000000004 1.0000000180025095e-35 6.0500000000000007 1.0000000180025095e-35 -1.0000000180025095e-35 9.5500000000000025 1.0000000180025095e-35 -1.0000000180025095e-35 1.0000000180025095e-35 -1.0000000180025095e-35 8428.5700000000015 176.45000000000002 0.37500000000000006 1.0000000180025095e-35 1081.5450000000003 13.500000000000002 93.450000000000017 2.5000000000000004 1.1236766768328847 1.0000000180025095e-35 0.52500000000000013 2242.2100000000005 0.4250000000000001 0.52500000000000013 7.3500000000000005 1.0000000180025095e-35 -1.0071818630970688 1.0000000180025095e-35 0.4250000000000001 16.500000000000004 8.5000000000000018 1.0000000180025095e-35 9.5000000000000018 107.95000000000002 5.5000000000000009 4803.670000000001 1.0000000180025095e-35 1.0000000180025095e-35 3589.1550000000002 763.55000000000007 -0.66835970466131245 -0.75948516035919356 0.64254876366268576 3.5000000000000004 48.850000000000001 11.850000000000003 -0.017755227347244652
decision_type=2 2 10 2 2 10 2 2 2 2 2 2 2 2 2 2 10 2 2 2 2 2 2 2 10 2 2 2 2 2 2 2 2 2 2 2 2 2 2 2 2 2 2 2 2 10 2
left_child=5 3 19 4 34 6 7 -1 9 -5 13 12 17 -11 -9 18 45 -6 -16 20 40 22 -13 24 28 -26 -25 32 29 30 31 -10 36 -15 -2 38 39 -21 -36 -4 41 -3 -42 -44 -45 46 -14
right_child=1 2 27 8 11 -7 -8 14 23 10 -12 21 16 33 15 -17 -18 -19 -20 37 -22 -23 -24 26 25 -27 -28 -29 -30 -31 -32 -33 -34 -35 35 -37 -38 -39 -40 -41 42 -43 43 44 -46 -47 -48
leaf_value=-0.023562105829535669 -0.018857710096608808 -0.012015983356423952 -0.025932547386898583 -0.0093808827128226274 -0.010052028928809199 -0.031563776390475994 -0.017335489786353686 0.075342794244898051 0.062747978349916064 0.010405830876125807 0.077211475269407567 0.06482338894846483 0.061526731322936623 0.057778992308794568 0.015299864035537465 -0.028786767631924712 0.09005163521664894 0.035969219137254003 0.10945383335860553 0.084543812175322988 0.025414844615040129 0.086845371421914785 0.0058174936250747619 0.070214326275091041 -0.025699216946992814 0.02656269862405284 0.0085594175839506601 -0.031440493926746291 -0.020382769028558581 -0.019002268954785441 0.064112111602710006 0.0008120867117126278 0.041843900591806246 0.012497371290802792 0.012185187724642289 -0.02921042288151536 0.041069682121421008 0.011664744469187069 0.066606716513399597 0.054041578987519025 -0.026651595582739843 0.089390311546307222 -0.016281516580732239 0.0004621149720097179 0.10640219187121006 -0.00098094553611072634 0.0098361987671290937
leaf_weight=15.54523965762928 25.233353331685066 10.533991308417169 29.268597967922691 39.69090865040198 16.959664300084118 113.20317356009036 76.24053872236982 8.3445026697590965 4.6870329733938005 77.306544651277363 8.9837223207578045 10.702604365069421 16.845029859803617 17.998781602829698 6.4403621377423388 5.6754357749596229 6.6565991947427383 14.479464988689868 2.0998018835671246 3.7098375344648939 24.160998144652694 14.776332665234802 9.4517488218843919 3.8789056781679383 51.032295212615281 7.3334682737477115 54.941193102858961 62.214494006242603 17.918347635306418 14.179496507160364 8.2860834924504143 23.759006016887724 4.8831898123025885 13.345105722546576 29.014598266221583 8.5860105259343964 3.3349553151056162 6.8244086792692542 4.7443223679438224 1.3894291203469027 37.809966224711388 3.6334899831563225 6.1883839005604369 2.8705418580211699 2.168853871524334 8.3919677347876114 8.6567464461550134
leaf_count=1322 1632 740 2720 2027 485 16463 6201 389 191 1389 142 327 237 260 384 371 212 365 115 98 1104 403 201 112 4801 340 1779 8074 662 567 129 1002 185 247 769 191 155 274 100 106 2638 261 381 165 101 265 120
internal_value=0.000953984 0.00734213 -0.00813538 0.0132939 0.0251432 -0.0191142 -0.00662221 0.0147079 0.00721613 0.0156702 0.0241306 0.041132 0.030819 0.0190775 0.040959 0.0171507 0.0450829 0.0115987 0.0474962 0.00598676 0.00116148 0.060937 0.0387346 2.04089e-05 -0.00637756 -0.0187958 0.0137311 -0.0217365 0.00427114 0.0131736 0.0257687 0.0128016 -0.00580804 0.0394822 -0.000384501 0.0108048 -0.0136535 0.0424351 0.0215296 -0.0207155 -0.00836111 0.0181702 -0.0162362 0.0181492 0.0561251 0.0339235 0.0450133
internal_weight=944.38 716.83 198.991 517.839 174.498 227.549 114.346 38.1053 343.341 157.325 117.634 106.92 71.9895 108.65 22.5601 14.2156 40.5503 31.4391 8.54016 97.9005 87.3662 34.9307 20.1544 186.016 127.196 58.3658 58.8201 101.091 68.83 50.9116 36.7321 28.446 38.8762 31.3439 67.5783 42.3449 33.993 10.5342 33.7589 30.658 63.2052 14.1675 49.0377 11.2278 5.0394 33.8937 25.5018
internal_count=61202 35957 17002 18955 5307 25245 8782 2581 13648 4065 2038 2615 1684 1896 1259 870 834 850 499 5762 5390 931 528 9583 7692 5141 1891 11240 2551 1889 1322 1193 3166 507 2692 1060 2981 372 869 2826 4286 1001 3285 647 266 622 357
is_linear=0
shrinkage=0.05


Tree=29
num_leaves=48
num_cat=0
split_feature=16 10 11 6 5 5 5 19 3 14 4 4 23 14 14 3 5 3 11 10 11 23 10 10 3 0 4 4 0 16 13 13 2 19 25 3 13 10 0 11 13 2 2 23 0 0 0
split_gain=40.0324 23.9086 21.9267 18.183 18.1404 14.4378 8.54226 7.89788 7.30718 9.48323 7.10661 13.1129 6.52851 6.03416 6.01707 7.13213 7.08411 8.56382 8.42734 6.284 5.90181 7.99589 5.86105 5.61828 5.59099 7.30878 5.42905 8.71516 5.60998 7.16355 6.281 12.7442 9.43442 8.42378 5.33715 7.89515 8.5006 5.24804 7.89764 5.22299 6.85099 5.19236 5.17318 5.08944 9.15872 9.14009 6.63301
threshold=2.5000000000000004 566.65000000000009 5.4500000000000011 1.0000000180025095e-35 1.0000000180025095e-35 -1.0000000180025095e-35 1.0000000180025095e-35 1.0000000180025095e-35 -0.31685723633707935 1.0000000180025095e-35 1.0000000180025095e-35 -1.0000000180025095e-35 9.5000000000000018 1.0000000180025095e-35 1.0000000180025095e-35 -0.44671289681264265 1.0000000180025095e-35 0.3079288580394019 97.050000000000011 12.450000000000001 80.850000000000009 3.5000000000000004 0.45000000000000007 74.750000000000014 -0.43777240769489945 757.68000000000018 1.0000000180025095e-35 -1.0000000180025095e-35 6438.880000000001 8.5000000000000018 4.2500000000000009 43.95000000000001 -1.051190216781924 2.5000000000000004 1.0000000180025095e-35 0.64254876366268576 233.85000000000005 24.450000000000003 2266.3500000000004 98.750000000000014 122.65000000000002 1.9802285818632328 1.7284995337959723 8.5000000000000018 712.35000000000014 1761.8800000000003 2675.0000000000005
decision_type=2 2 10 2 2 2 2 2 2 2 2 2 2 2 2 2 2 2 8 2 10 2 2 2 2 2 2 2 2 2 2 2 2 2 2 2 2 2 2 10 2 2 2 2 2 2 2
left_child=4 2 6 10 5 -1 7 -2 -3 34 11 -4 43 41 16 -16 17 39 -19 -20 -13 -22 -5 24 25 -23 27 -8 30 42 -28 33 -33 -32 -10 36 -36 -34 -39 -12 -41 -9 -30 44 -7 -46 -47
right_child=1 8 3 22 -6 12 26 13 9 -11 14 20 -14 -15 15 -17 -18 18 19 -21 21 23 -24 -25 -26 -27 28 -29 29 -31 31 32 37 -35 35 -37 -38 38 -40 40 -42 -43 -44 -45 45 46 -48
leaf_value=-0.031224232426740613 -0.014058288818413426 0.015808426901178323 -0.011774209524102032 0.055132244957675061 -0.030164975789226063 -0.035938673410026607 -0.0056825093696747028 0.022888032732094197 -0.012524147939419231 0.1140368083537821 -0.029481994988211992 0.0034220827204563702 -0.0036291981178358337 0.050039287835901128 0.056766993912704636 -0.0036600602647337867 -0.01983139155184006 0.079564647965097435 0.054629189002958572 -0.021322188056662791 0.094345363108419317 -0.0079874139117789549 -0.026110420688296301 0.080700000671870165 -0.00070015645948654989 0.07944100608752902 -0.019799945662475515 0.029991690303665004 0.036002338253762763 0.07207915262193372 0.096184561165361421 0.067582680603799988 -0.026804846495201835 -7.2060950156279569e-06 0.036224074566715544 -0.0022212302966618303 0.1145826226772968 -0.017589502657593632 0.037341509680394104 0.04921993207919971 -0.0069901802663079327 -0.016934587259484078 -0.022405451951500184 0.079504627076329271 0.067886155053027905 -0.04166858392068859 0.027434835883259748
leaf_weight=27.652119442820549 13.969670271500943 24.795855578035116 30.103822885081172 1.3672089525498439 129.65316999703646 5.2820579782128396 27.695895693730563 109.98116133408621 3.9394605509005549 4.5698113758116952 16.065878298133612 14.862377861514686 35.714736007153988 19.397419730201364 7.1743872612714794 11.850510092452167 66.805260256398469 5.3788457629270825 3.1766089862212539 6.8663127548061311 5.1095480704680076 3.5463612801395374 92.868420153390616 3.4980345959775141 15.201029896270486 5.4011383228935301 44.336066633928567 42.691852766554803 5.8448400879278797 4.4789037471637121 4.7331609129905683 3.1669143391773096 24.32758886506781 3.7741251979023218 12.156958593055611 5.9171747658401719 4.9395445054396978 14.857701735571029 10.166212547570465 5.8530272128991809 25.103960003238171 8.1303736991249007 7.5178386485204101 3.1752588516101232 9.356888849288227 4.1448876205831757 9.7375422557815892
leaf_count=3727 382 836 1760 147 17984 268 1133 2502 130 70 621 531 2102 199 230 345 5713 167 116 257 183 138 10702 109 554 195 2400 1123 274 70 218 110 1063 153 349 204 152 620 411 242 1067 162 306 153 410 208 498
internal_value=0.000307475 0.00604859 0.00337376 -0.00603962 -0.0180738 -0.00144082 0.0121018 0.0209586 0.0370366 0.0527352 0.00167539 0.0138247 0.0110542 0.0245919 -0.00474296 0.0208242 -0.00863729 0.00346233 0.0345863 0.00547299 0.0299174 0.0414815 -0.0243652 0.028759 0.0183254 0.0474691 0.00509954 0.0160718 -0.00124797 0.0239098 -0.00569285 0.00471015 -0.00484425 0.0579984 0.0386339 0.047548 0.0639442 -0.0107418 0.00530413 -0.00725284 0.00484508 0.0200276 0.00387005 0.0272039 0.0188854 0.0323149 0.00538907
internal_weight=946.338 721.621 665.302 320.233 224.717 95.0635 345.07 151.479 56.3188 31.5229 225.997 77.7223 67.4114 137.509 148.275 19.0249 129.25 62.4446 15.4218 10.0429 47.6185 32.7561 94.2356 27.6466 24.1485 8.9475 193.591 70.3877 123.203 17.8416 105.362 61.0257 52.5184 8.50729 26.9531 23.0137 17.0965 49.3515 25.0239 47.0229 30.957 118.112 13.3627 31.6966 28.5214 23.2393 13.8824
internal_count=61294 35944 34203 23077 25350 7366 11126 3245 1741 905 12228 3470 3639 2863 8758 575 8183 2470 540 373 1710 1179 10849 996 887 333 7881 2256 5625 650 4975 2575 2204 371 835 705 501 2094 1031 1930 1309 2664 580 1537 1384 1116 706
is_linear=0
shrinkage=0.05


Tree=30
num_leaves=48
num_cat=0
split_feature=17 11 21 6 5 6 23 13 13 5 6 2 10 17 2 11 5 2 10 13 3 10 10 2 19 10 2 25 10 23 13 11 13 13 11 0 2 10 14 13 13 21 10 2 2 19 11
split_gain=49.7033 23.5267 18.6355 10.3758 8.46262 8.68126 7.78289 8.23253 12.1348 8.37142 6.86857 6.63418 7.50136 18.3579 8.16695 8.15287 6.56176 8.25776 6.10536 8.14016 6.29738 6.29521 5.9179 5.64705 5.60635 5.54416 8.17173 7.03159 8.26048 8.25178 7.73151 6.86388 6.50122 5.93929 8.6135 5.44483 10.0954 5.29245 5.19308 15.2014 4.76821 6.13317 6.88011 5.07286 5.25528 5.69198 4.7313
threshold=4.5000000000000009 10.750000000000002 0.52500000000000013 1.0000000180025095e-35 1.0000000180025095e-35 1.0000000180025095e-35 9.5000000000000018 99.550000000000011 170.75000000000003 -1.0000000180025095e-35 1.0000000180025095e-35 1.1608323581327629 51.750000000000007 2.5000000000000004 1.6632022963809836 399.35000000000008 1.0000000180025095e-35 -0.98141578095818194 124.45000000000002 13.550000000000002 2.4966661189274508 204.00000000000003 23.850000000000005 -1.1056940681522371 1.0000000180025095e-35 3.8500000000000001 -0.30833033458047188 2.5000000000000004 11.450000000000001 10.500000000000002 51.45000000000001 133.45000000000002 417.35000000000008 188.25000000000003 122.45000000000002 991.34000000000015 -0.072446208295852188 43.750000000000007 1.0000000180025095e-35 155.65000000000001 192.35000000000005 0.52500000000000013 14.15 -0.43653472265461674 0.95688577372074979 1.0000000180025095e-35 1.4500000000000002
decision_type=2 10 2 2 2 2 2 2 2 2 2 2 2 2 2 10 2 2 2 2 2 2 2 2 2 2 2 2 2 2 2 10 2 2 10 2 2 2 2 2 2 2 2 2 2 2 10
left_child=1 4 3 16 6 40 7 9 -9 -1 11 -3 14 -14 15 -13 25 22 20 -20 23 -21 -18 -5 37 26 -2 29 -29 30 -27 -31 33 34 35 -30 -37 -4 -26 -40 41 46 -43 -42 45 -45 -6
right_child=2 10 24 18 5 -7 -8 8 -10 -11 -12 12 13 -15 -16 -17 17 -19 19 21 -22 -23 -24 -25 38 27 -28 28 32 31 -32 -33 -34 -35 -36 36 -38 -39 39 -41 43 42 -44 44 -46 -47 -48
leaf_value=-0.042757550265388133 0.084481696934530809 -0.023502082150422352 -0.028186988301890006 0.045166815916903073 -0.032395902230318581 -0.031601457273110277 -0.0036433266793377828 0.11919488225311697 0.022685428002581824 0.021647465466497436 -0.038610389126375828 -0.0070697703443562453 -0.0371512790845736 0.1189764234026687 -0.044730114279220259 0.10774720623930184 0.0011841147443719883 -0.0010249096510860415 0.0754000863664335 0.050923821653137594 0.047570068992887571 -0.031165479495437028 0.076057812184220683 -0.018923601424134684 0.023809902216314936 0.053841244387730906 0.0055880595850325626 -0.013676400339533674 0.00046123784738322682 -0.036029701596395416 -0.0036707267219538114 0.019453962963077352 -0.012163264718977669 0.066006782758017843 -0.022384522571688104 0.082148257313686732 0.018319299251671486 0.032640266408687259 0.010279574829700515 0.10131551017308056 -0.010385015228127022 -0.030327272128762347 0.028365622820679254 0.10549585541710432 -0.0097613613410780162 0.021793761705114975 0.0032656949982915831
leaf_weight=5.4635681891813865 6.1726608881726861 102.70924172224477 8.538280623033641 2.6520412713289252 26.239856841042638 33.551809333264828 51.670800539664924 3.9273459007963529 11.574802178889511 22.303828849457208 67.287992632482201 4.760466926731171 2.7909023906104258 3.1203473242931068 7.592195644043386 1.2143472856841979 4.6386522036045772 143.48429042100906 3.7105991663411251 2.4337922451086325 3.0624224483035496 6.3420106079429388 5.2219779500737786 84.453906966838986 120.79731527157128 8.9863217873498815 6.3312535760924202 11.861843412742017 7.9909801017493001 18.223200953565541 13.803657958284019 7.109153661876916 7.2072007041424504 12.753999930806456 6.8105630232021204 10.847221753560001 14.587073784321552 4.7418929990380994 10.202787003945561 7.7251940122805527 8.7936696214601415 6.0859356475994018 16.360594102647156 2.8285272717475873 3.8319971719756714 5.8377212788909674 13.864482387434689
leaf_count=532 126 12949 255 227 2196 4265 2452 128 399 570 11119 571 375 239 865 143 178 5759 143 148 198 309 190 7067 3400 165 121 241 152 308 266 194 151 236 172 188 218 122 188 136 529 298 674 188 204 314 1377
internal_value=0.000276582 -0.0130248 0.0101672 0.00433626 -0.00157233 -0.0105091 0.00947239 0.0248632 0.0528767 0.0079292 -0.0257833 -0.0184634 0.00795585 0.0505534 -0.0128005 0.0283684 0.00922358 0.00214988 -0.00923904 0.0223354 -0.0138085 -0.00551929 0.0441878 -0.0164818 0.0249514 0.0173215 0.0479066 0.0137703 0.0235455 -0.00104871 0.0203168 -0.0203116 0.0309838 0.0369688 0.0263869 0.0366858 0.0476189 -0.00570291 0.0279058 0.0527873 -0.00179545 -0.00875472 0.0118374 0.0181249 0.0374676 0.0572004 -0.0202878
internal_weight=942.501 401.81 540.69 388.685 212.335 117.395 94.9403 43.2695 15.5021 27.7674 189.475 122.188 19.4783 5.91125 13.567 5.97481 286.03 153.345 102.655 12.4864 90.1684 8.7758 9.86063 87.1059 152.005 132.685 12.5039 120.181 72.0589 48.1223 22.79 25.3324 60.197 52.9898 40.2358 33.4253 25.4343 13.2802 138.725 17.928 83.8428 62.5509 22.4465 21.2919 12.4982 8.66625 40.1043
internal_count=61245 40387 20858 16757 14126 10045 4081 1629 527 1102 26261 15142 2193 614 1579 714 8665 6127 8092 600 7492 457 368 7294 4101 2538 247 2291 1358 933 431 502 1117 966 730 558 406 377 3724 324 5780 4545 972 1235 706 502 3573
is_linear=0
shrinkage=0.05


Tree=31
num_leaves=48
num_cat=0
split_feature=16 14 10 3 4 4 13 23 20 21 10 16 4 4 25 10 20 15 15 13 23 21 2 23 21 0 2 2 10 23 21 19 0 23 23 19 10 0 0 0 16 10 13 25 10 16 19
split_gain=47.0386 18.5775 15.1697 13.3557 13.3881 20.3669 9.74428 8.89762 8.74329 7.36481 7.25016 7.70835 6.97607 10.2806 6.85449 9.39705 9.28476 7.85434 6.72848 6.14821 5.9512 6.57372 8.84431 6.01191 5.93019 6.7189 5.6434 15.591 5.58997 5.45563 6.45688 5.43066 5.41735 5.35356 7.14888 6.23001 5.26414 5.10374 5.08451 5.58955 5.14666 5.76503 5.03802 4.87 5.14672 5.9327 5.4818
threshold=2.5000000000000004 1.0000000180025095e-35 566.65000000000009 0.52491087997491037 1.0000000180025095e-35 -1.0000000180025095e-35 149.95000000000002 3.5000000000000004 1.0000000180025095e-35 0.52500000000000013 6.0500000000000007 4.5000000000000009 1.0000000180025095e-35 -1.0000000180025095e-35 2.5000000000000004 20.850000000000005 1.0000000180025095e-35 1.0000000180025095e-35 1.0000000180025095e-35 75.65000000000002 19.500000000000004 0.52500000000000013 0.46512035484582731 4.5000000000000009 0.52500000000000013 918.42500000000007 -0.7363036041416271 -0.80451554878340448 25.050000000000004 13.500000000000002 0.4250000000000001 1.0000000180025095e-35 1081.5450000000003 4.5000000000000009 10.500000000000002 2.5000000000000004 20.550000000000004 592.74500000000012 592.74500000000012 407.56000000000006 7.5000000000000009 63.45000000000001 40.350000000000001 4.5000000000000009 10.450000000000001 1.0000000180025095e-35 1.5000000000000002
decision_type=2 2 2 2 2 2 2 2 2 2 2 2 2 2 2 2 2 2 2 2 2 2 2 2 2 2 2 2 2 2 2 2 2 2 2 2 2 2 2 2 2 2 2 2 2 2 2
left_child=12 2 3 4 5 -2 37 -4 18 29 -11 28 13 -1 15 16 -5 33 -6 36 21 22 26 -23 25 -8 27 -10 -12 30 -7 -17 43 -16 -35 -36 -19 -3 39 -20 41 -40 -43 44 -15 -46 -47
right_child=1 6 7 14 8 9 24 -9 20 10 11 -13 -14 32 17 31 -18 19 38 -21 -22 23 -24 -25 -26 -27 -28 -29 -30 -31 -32 -33 -34 34 35 -37 -38 -39 40 -41 -42 42 -44 -45 45 46 -48
leaf_value=-0.028061451890457608 -0.012302910208167052 -0.022859170665784915 -0.018364391243139062 0.0046584756409574915 -0.020114818799212696 0.03632705230921978 0.075990714259690242 0.038235062436439059 -0.012734628838369098 -0.0079973817749376987 0.054849963168333737 0.071218164186010777 -0.025892370825218333 0.11212220803734302 -0.020613749817884105 0.038142156604632382 0.075716749722844312 -0.025037190066212425 -0.0016899312043432255 0.065909708627988881 -0.023320557572517397 -0.01197303996363646 0.07176082795670953 0.047718221107503532 0.082913304416933967 0.017965725148793417 -0.014808679179771656 0.1099562220026573 -0.025196756470113321 -0.0026885264636488603 -0.0098999357218793986 -0.026250512971905705 -0.0037664140820694381 0.052378494283332903 0.026842852926081035 -0.024056939125494309 0.042633552888460692 0.020542363783687997 -0.023851877791162015 0.054999251945729688 0.013266516418279653 0.063110359856035345 -0.0088664073785016222 -0.01139499146034673 -0.034631817317028461 0.075791982091769225 -0.01643026827978283
leaf_weight=30.112889973446727 64.820112556219101 7.1075612953864029 7.5995134967379263 15.589693900197746 139.00221874425188 31.217234386131167 6.1796895884908762 43.747520811390132 7.9649768280796707 5.3368641668930676 2.7197251240722862 17.995458502788097 146.17965655215085 1.7602545395493496 8.6140402746386808 2.8910209108144072 5.6074353368021539 4.1365015543997306 10.551036235410722 16.288538441061974 13.913470827974377 5.0997368539683547 3.069028975442051 16.511889319401234 8.8799989996477944 19.594865169376135 34.980512950569391 2.7184004858136159 4.3336337171494961 28.374267783481628 9.3872474455274624 23.041664937976748 25.267213208600879 11.344784235116093 12.760930967051538 9.7020169482566399 5.7485063849017024 44.400283128023148 43.345487100072205 6.3287590425461522 19.288328523747623 2.9057139689102751 5.8981917118653655 3.9089405024424186 2.0795576493255776 4.4252583188936114 1.8541902378201482
leaf_count=3749 3821 209 251 794 11101 1310 182 1364 531 133 114 366 17776 172 537 174 279 116 366 389 770 195 209 608 180 590 2222 176 180 1241 431 1119 2496 647 770 595 172 1145 1825 212 375 121 222 324 217 289 145
internal_value=0.000741 0.00681143 0.00386784 0.00158189 -0.00213223 0.00938678 0.0284764 0.0296674 -0.00821274 0.0235176 0.0437072 0.0546074 -0.0197224 -0.00654486 0.0167386 0.00197138 0.0260203 0.0267107 -0.0132963 0.0477888 0.00549722 0.0114441 0.00108316 0.0337262 0.0486551 0.0341963 -0.00510305 0.0252235 0.00864689 0.0141264 0.0256589 -0.0179222 0.010231 0.0129047 0.0217919 0.00477028 0.0146173 0.0142321 -0.00245957 0.0214519 -0.00832769 -0.016414 0.0189036 0.0340156 0.0510044 0.0275291 0.0500444
internal_weight=944.585 728.997 642.834 591.487 475.762 164.185 86.1624 51.347 311.578 99.3644 30.3857 25.0488 215.588 69.4083 115.725 47.1298 21.1971 68.5953 227.32 26.1735 84.258 70.3445 48.7329 21.6116 34.6546 25.7746 45.6639 10.6834 7.05336 68.9787 40.6045 25.9327 39.2954 42.4218 33.8077 22.4629 9.88501 51.5078 88.3175 16.8798 71.4377 52.1494 8.80391 14.0282 10.1193 8.35901 6.27945
internal_count=61210 36042 33736 32121 26529 7596 2306 1615 18933 3775 793 660 25168 7392 5592 2366 1073 3226 14222 677 4711 3941 3138 803 952 772 2929 707 294 2982 1741 1293 3643 2549 2012 1365 288 1354 3121 578 2543 2168 343 1147 823 651 434
is_linear=0
shrinkage=0.05


Tree=32
num_leaves=48
num_cat=0
split_feature=6 16 16 5 11 21 21 11 20 13 13 11 2 13 21 0 23 5 0 11 0 2 0 11 0 11 16 19 13 2 25 11 0 13 0 21 23 2 23 13 23 19 11 23 23 2 0
split_gain=37.0547 22.5653 14.3295 12.636 11.6554 10.9238 9.00148 7.50924 8.21502 8.12917 6.93808 6.57171 7.96534 7.91285 6.44017 6.39047 7.08695 6.25298 6.03523 5.91027 6.7975 7.5328 5.71766 5.58308 5.45048 5.41934 11.533 5.2568 5.20458 5.03039 5.42454 4.89079 5.16542 4.50822 6.66039 5.46593 10.68 7.41018 5.23218 5.79255 4.84848 4.45795 4.81211 7.81077 4.4364 4.43177 4.40652
threshold=1.0000000180025095e-35 2.5000000000000004 5.5000000000000009 1.0000000180025095e-35 846.55000000000007 0.52500000000000013 0.30000000000000004 93.450000000000017 1.0000000180025095e-35 12.450000000000001 281.45000000000005 135.55000000000004 -0.69590736932416397 644.1500000000002 0.52500000000000013 1003.4900000000001 17.500000000000004 1.0000000180025095e-35 2511.4700000000007 95.15000000000002 3502.4350000000004 0.37987279935036838 488.48500000000007 113.65000000000002 1081.5450000000003 10.750000000000002 12.500000000000002 1.0000000180025095e-35 144.75000000000003 -0.1063972899960588 1.0000000180025095e-35 5.4500000000000011 2511.4700000000007 124.25000000000001 7758.3050000000012 0.4250000000000001 18.500000000000004 0.62188023660966329 17.500000000000004 83.950000000000017 12.500000000000002 1.0000000180025095e-35 0.8500000000000002 19.500000000000004 4.5000000000000009 -0.32259484633446006 10077.905000000001
decision_type=2 2 2 2 8 2 2 10 2 2 2 10 2 2 2 2 2 2 2 10 2 2 2 8 2 10 2 2 2 2 2 10 2 2 2 2 2 2 2 2 2 2 10 2 2 2 2
left_child=1 4 17 6 5 -1 -3 8 -4 24 28 19 22 46 25 16 -6 -2 -17 20 29 -22 -13 -21 -10 33 -27 44 -11 30 -8 32 -7 34 38 36 37 -35 39 -5 -37 -32 -43 -44 -20 -33 -14
right_child=2 3 7 14 15 31 11 -9 9 10 -12 12 13 -15 -16 18 -18 -19 27 23 21 -23 -24 -25 -26 26 -28 -29 -30 -31 41 45 -34 35 -36 40 -38 -39 -40 -41 -42 42 43 -45 -46 -47 -48
leaf_value=-0.031868920021290451 -0.012555535576613526 -0.010381419426995267 -0.0025552946676011667 0.0079511736569722932 0.012074720259582263 0.0048455943435137035 -0.0042207071582933339 -0.019231270969920188 0.046830870792124148 0.041495340216535982 -0.0039994747981802496 -0.0049014469269383718 -0.014118467440171367 0.049526055199668316 0.015515314512098014 -0.02620538147441406 0.08310177316790171 -0.033149342699366771 0.081627646391429942 0.098737921509290671 0.083006977783989661 0.03025564634757107 0.06359307071545707 0.023088663959416576 -0.029545382521449837 -0.012849104473552081 0.081743724998810288 -0.011701080553610049 0.12858250208707706 -0.0031037511201251664 -0.0084279735444942657 0.01821123752909911 0.090098034554623355 0.025240516723059554 0.043283286023621102 -0.043878406391212765 -0.022121534686614118 0.086682953848665326 -0.030459561507663671 -0.044472122728472285 0.022889831181095915 0.044556166742847944 -0.00069504391043183496 0.067907474161730694 0.012887554014191456 -0.032722231841061843 0.036732098716496006
leaf_weight=66.211690090596676 64.187393095344305 21.282857908401638 51.570941993035376 46.749422468245029 14.411350113805385 4.2951338095590499 13.790598317049442 36.932541717775166 2.5584814283065516 5.9713791827671212 3.1735874293372026 4.2510490990243843 37.669540645089 5.7697790716774753 93.163369737565517 16.817548868246377 3.8485687696374944 91.870993856340647 2.7482427083887178 4.8950574030168328 8.4858351526781899 32.865088125690818 8.6697814357466978 5.5363592663779864 5.8171955989673734 86.82904644543305 2.3557145204395047 10.338018547743557 2.8452942688018084 21.08353819232434 6.4926100987941018 7.7273286976851532 2.1849857238121331 16.911068000830717 6.805355147458612 4.7083923565223795 6.924922381527721 6.8093185145407906 15.025303517933933 4.9252290502190581 4.3161527458578348 38.736247117631137 18.344048008788381 4.3543877545744172 7.5922862868756056 7.4370974292978618 3.8237911523319772
leaf_count=9149 5807 548 2909 1709 782 225 244 3296 136 326 104 173 1291 164 2643 1154 273 14245 161 157 149 581 274 174 341 7020 49 702 74 415 169 996 119 481 216 124 179 144 593 134 133 495 523 116 527 968 92
internal_value=0.000663509 0.00688136 -0.0151494 0.0116293 -0.0106517 -0.0219061 0.0202315 -0.00119751 0.00819779 0.0342721 0.0590462 0.0232993 0.00908257 -0.000693827 0.00471312 0.0071556 0.0305823 -0.0248129 -0.00475084 0.0287403 0.025756 0.0427854 0.0423246 0.0641199 -0.00370852 -0.000311877 -0.00947184 0.0131017 0.0798353 0.0185598 0.0241191 0.00863227 0.0417933 0.00692614 -0.000458033 0.0202833 0.0301374 0.0456716 -0.00549435 0.00220517 -0.0128474 0.0298504 0.0339659 0.0147756 0.0367438 -0.0072471 -0.00867822
internal_weight=940.114 675.186 264.928 531.574 143.612 87.8562 236.051 108.869 71.9369 20.3659 11.9903 214.768 60.1839 47.2631 295.523 55.756 18.2599 156.058 37.4961 154.584 144.152 41.3509 12.9208 10.4314 8.37568 202.36 89.1848 20.6785 8.81667 102.801 81.7179 21.6445 6.48012 113.175 73.5053 39.6699 30.6453 23.7204 66.7 51.6747 9.02455 67.9273 61.4347 22.6984 10.3405 15.1644 41.4933
internal_count=61284 34046 27238 18990 15056 11457 5565 7186 3890 981 504 5017 1994 1547 13425 3599 1055 20052 2544 3023 2692 730 447 331 477 10782 7069 1390 400 1962 1547 2308 344 3713 2652 1061 804 625 2436 1843 257 1303 1134 639 688 1964 1383
is_linear=0
shrinkage=0.05


Tree=33
num_leaves=48
num_cat=0
split_feature=6 5 16 4 5 16 4 25 25 4 2 18 10 11 10 2 10 25 10 13 4 5 2 14 21 0 11 21 21 0 4 20 13 0 5 11 18 18 3 0 2 3 18 3 16 3 16
split_gain=37.4912 18.1533 16.0252 15.7665 13.5724 12.1848 10.644 10.1115 9.46527 10.0342 8.91216 8.47493 7.91906 11.8025 10.3551 7.89262 7.6963 10.411 8.31453 7.46548 7.18145 7.0736 6.61797 6.10565 5.83614 5.63529 5.94816 5.57884 5.18218 8.22703 10.4103 6.39481 6.27439 5.06116 5.04009 5.0346 11.3158 5.66601 5.3847 5.00309 4.9307 6.43284 8.08694 12.0948 7.39557 7.07883 5.55162
threshold=1.0000000180025095e-35 1.0000000180025095e-35 6.5000000000000009 1.0000000180025095e-35 -1.0000000180025095e-35 2.5000000000000004 -1.0000000180025095e-35 4.5000000000000009 5.5000000000000009 1.0000000180025095e-35 2.6131780984974244 1.0000000180025095e-35 38.45000000000001 404.15000000000003 46.95000000000001 2.0550852361647638 103.85000000000001 4.5000000000000009 29.950000000000003 0.55000000000000016 1.0000000180025095e-35 1.0000000180025095e-35 -0.99408701697496993 1.0000000180025095e-35 0.37500000000000006 7205.2050000000008 18.850000000000005 0.52500000000000013 0.52500000000000013 1635.9550000000002 0.75000000000000011 1.0000000180025095e-35 186.05000000000004 1915.9400000000003 -1.0000000180025095e-35 184.35000000000005 3.5000000000000004 3.5000000000000004 0.73957661800053809 5703.0550000000012 -0.7843600200680213 -0.80527986351931014 2.5000000000000004 -0.22089998315178822 7.5000000000000009 -0.64062486237458716 8.5000000000000018
decision_type=2 2 2 2 2 2 2 2 2 2 2 2 2 8 2 2 2 2 2 2 2 2 2 2 2 2 10 2 2 2 2 2 2 2 2 10 2 2 2 2 2 2 2 2 2 2 2
left_child=1 4 21 16 20 -5 -6 11 9 -8 12 -7 23 14 -14 22 18 19 -3 -18 -1 34 27 -4 -17 -23 -27 -13 29 -11 -31 32 -30 -32 -2 36 38 -37 -35 -9 -24 -42 43 45 -44 -43 -47
right_child=2 3 10 5 6 7 8 39 -10 28 -12 15 13 -15 -16 24 17 -19 -20 -21 -22 25 40 -25 -26 26 -28 -29 31 30 33 -33 -34 35 -36 37 -38 -39 -40 -41 41 42 44 -45 -46 46 -48
leaf_value=0.019123516855471451 -0.029048053140586522 0.019027628358210622 -0.021242959727804975 -0.028401776541961354 -0.00813902439049209 -0.04042927857434031 0.054092446246870568 -0.025420264913334129 -0.00033682899299819968 0.0013156642114786283 0.083581662417840263 0.0072657311195808002 0.060708982443335807 0.048319658696554108 -0.03020696858388814 0.096820702697430372 0.061643132042521531 0.085602874106534624 -0.0079511858744254395 -0.015458484080127536 -0.01246524663262949 -0.035298223105884256 -0.029137236287188412 0.024445141249104855 0.0093684827586059428 0.037131921672743561 -0.033078031512549386 0.08492621996230823 0.040881531264741582 -0.011079573579268169 0.08475853484307791 0.07152319946843616 -0.011451100649852192 0.083334843800099312 -0.0015916332997072307 -0.029404397304671443 0.002048121396131431 0.043445830223771999 0.020077755427598459 0.012870885705996227 0.070936933544056391 -0.0071607019470738961 -0.019794743014725918 -0.006515205961062108 0.015745200208103629 0.08469654815803207 -0.003232257090875833
leaf_weight=26.612479091621935 24.634979000780731 72.523025922942907 38.608055239543319 53.529006342403591 24.279040889814496 8.126645007170735 36.705322853289545 47.732499430887401 27.917395805940032 42.204196822829545 2.329129444435238 4.9656331161968392 3.0311458301730481 15.804185587912796 13.313974797260014 3.3511069491505614 3.782330077141526 7.2118283882737151 45.965295666828752 8.3174977172166091 50.660669711884111 95.060856502968818 10.076582472305743 8.0874938871711475 3.8219679379835725 5.2719933465123159 4.8212569933384657 3.6943880515173078 17.541841523721818 11.429995772428809 5.3510573040693989 10.760204367339609 7.7562706377357236 12.742998167872434 48.393399779684842 5.477609269320963 10.737056250683962 3.5397348776459694 5.4916732367128125 9.69289912143722 2.6811687080189577 3.5480598527938119 39.747341782320291 16.490799772087485 21.940360458567739 10.014853953383861 2.0588867804035536
leaf_count=1362 3282 3839 2593 7568 710 554 585 2502 619 1126 106 289 233 593 904 130 134 235 2447 377 3504 14636 550 395 137 532 844 93 274 261 112 165 148 333 3128 244 155 72 134 412 146 225 2323 927 589 648 58
internal_value=0.00119178 0.00737221 -0.0149425 0.000100923 0.0165582 -0.00759213 0.0228175 -0.00154628 0.0266419 0.0310551 0.00344786 0.00615131 6.35011e-05 0.0188335 -0.0108189 0.00954679 0.0135393 0.042031 0.00858276 0.0115088 -0.00148091 -0.023293 0.00612244 -0.0129833 0.0570718 -0.0315621 0.00363603 0.0457578 0.0243427 0.0180031 0.0306077 0.0404465 0.0250113 0.0416038 -0.0111209 0.0335071 0.0433625 0.000675065 0.0663182 -0.0188474 0.00250578 0.00607559 0.00349289 0.0234506 -0.00710478 0.0535722 0.0706021
internal_weight=937.836 678.48 259.356 379.272 299.208 241.472 221.934 187.943 197.655 169.738 81.174 130.518 78.8449 32.1493 16.3451 122.391 137.8 19.3117 118.488 12.0998 77.2731 178.182 115.218 46.6955 7.17307 105.154 10.0933 8.66002 133.033 96.9743 54.7701 36.0583 25.2981 43.3401 73.0284 37.9891 28.9717 9.01734 18.2347 57.4254 106.558 96.4815 93.8003 32.1126 61.6877 15.6218 12.0737
internal_count=61233 33987 27246 24183 9804 17151 4938 9583 4228 3609 4824 6669 4718 1730 1137 6115 7032 746 6286 511 4866 22422 5848 2988 267 16012 1376 382 3024 2437 1311 587 422 1050 6410 938 622 316 467 2914 5466 4916 4770 1858 2912 931 706
is_linear=0
shrinkage=0.05


Tree=34
num_leaves=48
num_cat=0
split_feature=6 17 10 10 11 2 0 13 21 11 2 17 22 13 13 18 19 23 13 0 2 2 23 11 20 17 22 23 2 11 13 0 23 10 23 23 23 19 13 13 17 2 2 21 23 11 20
split_gain=35.5582 15.9544 12.6351 11.0933 12.0806 8.69446 8.57427 8.75732 7.4362 7.21248 8.69865 6.57016 6.16371 6.31372 5.70852 9.25442 14.0207 7.75459 6.0563 5.69788 6.49241 10.6597 6.01746 5.62611 5.6179 5.60153 5.38522 5.40913 11.8792 5.88968 10.4812 7.57592 5.31907 5.30261 4.98315 11.4612 4.62731 5.83326 4.53949 4.51848 4.50339 4.95474 5.26287 5.06731 5.75805 4.47993 4.3638
threshold=1.0000000180025095e-35 7.5000000000000009 128.75000000000003 4959.6000000000013 333.75000000000006 1.4423846318133455 1016.8800000000001 480.05000000000007 0.52500000000000013 14.050000000000002 1.9802285818632328 5.5000000000000009 1.0000000180025095e-35 78.250000000000014 178.35000000000005 2.5000000000000004 2.5000000000000004 10.500000000000002 370.45000000000005 17797.920000000002 1.6632022963809836 1.3161665364458173 10.500000000000002 169.15000000000001 1.0000000180025095e-35 2.5000000000000004 1.0000000180025095e-35 21.500000000000004 -0.3291449563374082 227.85000000000005 75.65000000000002 2958.8350000000005 16.500000000000004 22.950000000000003 7.5000000000000009 16.500000000000004 14.500000000000002 2.5000000000000004 190.25000000000003 406.65000000000003 3.5000000000000004 0.90125307472951188 1.0719641351753093 0.4250000000000001 15.500000000000002 12.950000000000001 1.0000000180025095e-35
decision_type=2 2 2 2 8 2 2 2 2 10 2 2 2 2 2 2 2 2 2 2 2 2 2 8 2 2 2 2 2 10 2 2 2 2 2 2 2 2 2 2 2 2 2 2 2 10 2
left_child=1 3 8 4 5 11 7 14 40 10 -7 -1 36 -14 -6 17 -17 -16 -19 20 21 24 -23 -5 -8 -4 27 29 -29 30 31 -3 -27 -31 -32 38 37 -10 -36 -38 -2 46 -43 -44 -45 -33 -42
right_child=2 26 25 23 6 9 19 -9 12 -11 -12 -13 13 -15 15 16 -18 18 -20 -21 -22 22 -24 -25 -26 32 -28 28 -30 33 34 45 -34 -35 35 -37 39 -39 -40 -41 41 42 43 44 -46 -47 -48
leaf_value=-0.016022697425501553 -0.034368719298310473 -0.00079885324418785481 -0.026072767903674535 0.098909746907773835 0.017762573487819112 0.07883246027722933 -0.0056335263824960251 -0.011524195359240255 -0.014090062571433016 -0.00122413466683095 -0.0042135470227220037 0.003092147690757387 0.10455717954095496 -0.013662681234185235 -0.019240527606875044 0.12541005132448296 0.015836950731417065 0.083491561266891057 -0.0083313359476570696 0.05564216983744074 -0.024768679461498008 0.010088545420409996 0.084899469417651238 0.017266918321934884 0.015694893361848299 0.010509096266872346 -0.015129064473883201 0.092105200767884698 0.0033627627666176032 -0.026290339192765112 0.063422066982859307 0.045839667588976431 0.063301097503661335 0.016210318143744941 -0.016697451976287157 0.061476102449129738 -0.035066052098237523 0.026296758601131093 0.028213774841252301 0.025627004875286553 -0.029517125908973759 0.059646917439050644 -0.022382057621750457 0.064726131848347468 -0.032050369319053577 0.001935461837435014 -0.0045549663414891318
leaf_weight=148.31521587772295 64.396211132407188 47.749257484450936 5.1261605401523438 3.2803022279404077 37.927129165269434 6.9600940281525236 97.082972556818277 14.613922856282441 19.318559392821044 20.663892736658454 5.0611415356397629 63.910259067080915 1.5742720812559121 1.6486499384045599 6.5623790835961717 6.2593910107389075 5.4328042645938694 4.1918823947198689 2.4888944150879979 3.9618305643089107 20.033684771507978 5.3040546583943051 5.1729103629477322 5.2124718585982928 44.062726146075875 14.936774264089765 9.7728995326906425 7.1037880685180426 7.2004095092415792 11.696243273094298 16.225480699911714 17.795593587681655 6.3912595855072132 16.402490739710629 11.233836383558812 14.297401056624947 17.642293099779639 14.993827524594961 9.446045106276868 2.9178216205909839 62.006903599016368 2.6190616227686432 12.970557617954912 3.3182621616870156 1.6320956414565442 8.5419999519363028 24.815773569513112
leaf_count=14302 10206 852 706 138 1216 287 4984 946 1986 1587 178 2363 123 129 368 276 186 291 194 144 852 228 252 160 1919 842 172 136 124 336 258 193 357 413 211 202 1601 1016 105 268 6127 217 1087 254 126 191 2223
internal_value=0.000936245 0.00688841 -0.0149123 0.0023538 0.00133048 -0.00657257 0.00897374 0.0227163 -0.0186814 0.0170834 0.0462302 -0.0102789 -0.00314817 0.0551682 0.0307321 0.0490136 0.0797558 0.0181776 0.0526524 0.00281674 0.00128232 0.00486413 0.0512048 0.0558987 0.00108833 0.0173245 0.0197448 0.0218548 0.0505729 0.0188665 0.0234735 0.0112018 0.0284555 -0.00177632 0.040675 0.0286534 -0.00749946 0.00380309 0.004172 -0.0256636 -0.0238867 -0.0173404 0.00456457 -0.00621244 0.0327955 0.032192 -0.0225155
internal_weight=940.272 683.963 256.308 506.498 498.005 244.911 253.095 77.4764 229.854 32.6851 12.0212 212.225 58.0954 3.22292 62.8625 24.9354 11.6922 13.2432 6.68078 175.618 171.656 151.623 10.477 8.49277 141.146 26.4542 177.465 167.693 14.3042 153.388 125.29 74.0869 21.328 28.0987 51.2028 34.9773 54.8725 34.3124 20.6799 20.5601 171.759 107.363 20.54 17.9209 4.95036 26.3376 86.8227
internal_count=61332 34064 27268 30871 30573 18717 11856 3477 25363 2052 465 16665 5123 252 2531 1315 462 853 485 8379 8235 7383 480 298 6903 1905 3193 3021 260 2761 2012 1236 1199 749 776 518 4871 3002 316 1869 20240 10034 1684 1467 380 384 8350
is_linear=0
shrinkage=0.05


Tree=35
num_leaves=48
num_cat=0
split_feature=6 16 16 8 11 16 2 3 4 4 0 0 11 11 21 23 23 21 5 18 0 23 13 20 13 25 5 0 23 13 18 5 2 11 0 3 21 11 0 0 2 2 2 0 13 4 18
split_gain=33.1226 14.2693 14.2004 14.0662 13.1944 12.4157 11.7914 9.06591 8.44095 11.2021 7.42993 7.18429 7.07798 6.85786 9.03221 10.6638 8.71873 6.83772 6.50838 7.30849 6.33252 10.6654 6.587 6.02562 8.95037 6.57109 5.97381 5.61051 7.61454 5.40699 5.29199 5.14418 5.60636 5.60669 5.13357 5.09855 4.89083 4.833 4.76481 4.88026 5.89405 5.33134 4.6912 8.57725 5.90317 4.68416 4.81787
threshold=1.0000000180025095e-35 6.5000000000000009 4.5000000000000009 1.0000000180025095e-35 1166.1500000000003 1.5000000000000002 -0.64836669172017158 2.3259689576994287 1.0000000180025095e-35 -1.0000000180025095e-35 859.47500000000002 430.94000000000005 158.55000000000004 388.45000000000005 0.4250000000000001 10.500000000000002 12.500000000000002 0.65000000000000002 1.0000000180025095e-35 5.5000000000000009 2193.9900000000002 4.5000000000000009 122.65000000000002 1.0000000180025095e-35 146.35000000000005 4.5000000000000009 1.0000000180025095e-35 778.87500000000011 19.500000000000004 8.0500000000000025 4.5000000000000009 -1.0000000180025095e-35 1.1608323581327629 36.050000000000004 463.99000000000007 1.842681049187086 0.37500000000000006 0.8500000000000002 1081.5450000000003 723.57000000000005 -0.76535807795924926 -0.58713909734863556 1.6973244889051478 7758.3050000000012 260.95000000000005 0.75000000000000011 3.5000000000000004
decision_type=2 2 2 2 8 2 2 2 2 2 2 2 10 8 2 2 2 2 2 2 2 2 2 2 2 2 2 2 2 2 2 2 2 8 2 2 2 10 2 2 2 2 2 2 2 2 2
left_child=1 3 26 4 8 -5 -7 13 9 34 27 -11 -8 37 -15 -16 -17 23 19 31 -12 22 -22 -3 29 -26 -2 28 45 -25 -31 -10 -33 -34 -1 -36 -21 -4 39 40 -13 -41 43 44 -23 -6 -47
right_child=2 17 7 5 10 6 12 -9 18 11 20 38 -14 14 15 16 -18 -19 -20 36 21 42 -24 24 25 -27 -28 -29 -30 30 -32 32 33 -35 35 -37 -38 -39 -40 41 -42 -43 -44 -45 -46 46 -48
leaf_value=0.033614430762016888 -0.014620085113482421 0.0061667083431050755 0.035876292634270689 -0.035313353723258042 0.027542860023719314 -0.014570399208314122 0.073234100386444234 0.052280962471331127 -0.03326527741540572 -0.040621704242135015 -0.011290645114235623 0.056165183538582734 0.0078338259500736265 -0.01346163838032971 -0.0087558575347364536 0.11762700625369914 0.028576811099481389 0.03369329341783505 -0.025827711599984999 -0.0063577551084101113 0.013102215737181337 -0.012047448967975102 0.07851154516406339 0.016836797736119468 -0.017110072435983659 0.034865891195942716 -0.037824735536335981 0.072911149314331278 0.064921943859908668 0.07500881862225596 0.018616318854101404 -0.010052528229944419 0.07091511728109462 -0.003282700917785179 -0.032503679195512968 0.041196336188795764 0.083225211526612927 -0.021610855006725022 0.013413057011556043 0.030237293807654116 -0.037141491982831468 0.12336684666985016 -0.027216911787971455 0.075370852722464243 0.030005090923553447 -0.030210420801555095 0.027098663074903107
leaf_weight=3.1469537983648506 50.073827093932778 159.76512708049268 2.9947721804492167 5.4067548629827789 13.04330942267552 6.712106374558064 17.725283430423591 5.7370409374125293 16.392457283101976 3.8227088879793873 49.424125736579299 2.2532525705173612 5.6427142238244405 33.02118871640414 13.715051387902351 2.8227855861187008 13.857870043255387 40.065134508535266 87.84575516032055 2.3595693274401119 8.0376919582486135 26.087818948552012 7.3511699778027824 15.884806990623472 16.268677433952693 8.3875108556821925 67.135870477184653 4.8664145655930033 6.1261231256648889 13.022573352791371 7.0982993515208355 37.149703093804419 3.8109143599867794 5.2297084694728264 26.347624833229933 1.7198223876766849 2.7126932609826326 62.356998467352241 32.009873256087303 4.4518331484869123 2.5601331233046931 2.4328593155369163 10.632195444311945 3.3233350953087202 11.062076205853371 10.340373168699442 4.5135077158920476
leaf_count=304 4941 3385 148 506 439 234 444 309 2019 276 1970 135 228 1998 610 116 637 477 10812 134 301 1111 258 263 324 170 12214 173 229 245 128 1800 82 229 2675 136 130 6207 2091 238 174 147 386 144 456 483 130
internal_value=1.83739e-06 0.00570218 -0.0154726 4.27e-05 -0.00273445 0.02973 0.0421813 -0.00432626 -0.0102028 0.00311296 0.00855908 0.0182503 0.0584113 -0.00723173 0.00446202 0.0237424 0.0494469 0.0148904 -0.0169226 -0.00515212 0.00213484 0.0121332 0.0472319 0.011336 0.0246295 0.00124086 -0.0281189 0.0271742 0.0187374 0.0401793 0.0569379 -0.0100868 -0.00133046 0.0319419 -0.0197879 -0.0267258 0.0473679 -0.0184755 0.0241927 0.05031 0.00868528 0.0746192 0.00086067 0.00871497 0.000932757 0.00669976 -0.0121856
internal_weight=936.748 685.033 251.715 424.541 389.054 35.4869 30.0801 134.506 234.246 78.7451 154.808 47.5307 23.368 128.769 63.4169 30.3957 16.6807 260.492 155.501 67.655 115.918 66.4943 15.3889 220.427 60.6619 24.6562 117.21 38.8897 34.0233 36.0057 20.1209 62.5828 46.1903 9.04062 31.2144 28.0674 5.07226 65.3518 43.708 11.6981 4.81339 6.88469 51.1054 40.4732 37.1499 27.8972 14.8539
internal_count=61046 33866 27180 28874 27462 1412 906 10025 21382 6176 6080 3061 672 9716 3361 1363 753 4992 15206 4394 4626 2656 559 4515 1130 494 17155 1454 1281 636 373 4130 2111 311 3115 2811 264 6355 2785 694 309 385 2097 1711 1567 1052 613
is_linear=0
shrinkage=0.05


Tree=36
num_leaves=48
num_cat=0
split_feature=17 14 20 5 8 0 13 18 2 13 5 11 17 3 2 13 25 18 5 21 11 10 3 21 25 17 0 13 11 2 0 13 13 0 2 2 2 11 11 0 2 13 2 0 25 11 2
split_gain=30.1751 16.6234 10.846 10.7419 10.3127 8.2844 8.115 8.03985 8.02493 10.0831 6.84097 6.49764 9.45883 8.23923 12.8316 8.30535 6.99503 6.90201 5.93301 5.84774 7.04839 7.21391 5.91166 5.77795 7.88632 9.25661 5.71033 11.0576 5.30535 5.6423 6.36064 4.91856 6.93752 11.9659 6.7593 9.40244 5.72623 5.69981 4.90783 4.88221 4.76714 7.17889 11.3905 5.7791 4.65742 7.8177 9.49851
threshold=2.5000000000000004 1.0000000180025095e-35 1.0000000180025095e-35 1.0000000180025095e-35 1.0000000180025095e-35 4731.920000000001 149.95000000000002 3.5000000000000004 0.46512035484582731 117.65000000000002 -1.0000000180025095e-35 414.85000000000008 5.5000000000000009 0.16619460029883432 1.6632022963809836 63.850000000000001 3.5000000000000004 2.5000000000000004 1.0000000180025095e-35 0.52500000000000013 242.45000000000002 29.050000000000004 0.71469257951504328 0.52500000000000013 3.5000000000000004 5.5000000000000009 14678.215000000002 90.550000000000011 634.05000000000007 -0.8982542956745635 521.71500000000003 255.35000000000005 16.650000000000002 1174.2150000000004 -0.41578962427255134 -0.084385205894075041 -0.7843600200680213 5.4500000000000011 127.65000000000002 1761.8800000000003 -0.69590736932416397 252.35000000000005 -0.31559818017670266 624.30500000000018 5.5000000000000009 10.750000000000002 -0.45790080936883865
decision_type=2 2 2 2 2 2 2 2 2 2 2 8 2 2 2 2 2 2 2 2 10 2 2 2 2 2 2 2 8 2 2 2 2 2 2 2 2 10 8 2 2 2 2 2 2 8 2
left_child=3 2 4 10 5 18 -3 -8 9 -7 -1 12 -4 15 16 39 17 -15 23 26 21 -21 -23 28 25 -25 -10 -28 29 30 -2 32 37 36 -35 -36 -34 -14 -37 -13 43 -42 -43 -17 -20 46 -46
right_child=1 6 11 -5 -6 8 7 -9 19 -11 -12 13 31 14 -16 40 -18 -19 44 20 -22 22 -24 24 -26 -27 27 -29 -30 -31 -32 -33 33 34 35 38 -38 -39 -40 -41 41 42 -44 -45 45 -47 -48
leaf_value=-0.026601274196043398 -0.01655208150464333 0.011567248862782277 -0.016696896089502668 -0.027594974507391463 0.020995727562108404 0.0023402716332583109 0.014033856198806883 0.062043005314784051 -0.012784196961165631 0.0897015389595896 0.003967741731759138 0.051458209437063085 0.019986014429159205 0.072058897444321729 -0.032506043121723942 -0.015491436988427826 0.08776776732366931 -0.00406018723750339 -0.018114225143776329 0.0032117386367189922 -0.032579230117049454 0.013338120364264447 0.088029567847908496 -0.0046236408713388735 -0.012352990345376361 0.054770783780082093 -0.025682864982069051 0.073415322193769492 0.0060663359329400672 -0.022864555759615001 0.065590997145724098 -0.023651254738293236 0.039551747316035335 0.11135288452318824 -0.01798070346902227 0.09709034351551496 -0.037515325785983995 -0.030794559505394243 0.020674793157881021 -0.002926188241121968 -0.044762078917052292 -0.024167606925452344 0.054991752308433575 0.047369069776267779 -0.01872736613524633 -0.008311948798299917 0.10962542565969469
leaf_weight=24.217892521526664 4.6475989036262026 53.137425601482391 36.617772792931646 112.8309054854326 41.625756572000682 7.0438000182621163 15.771445021498947 20.778681758791208 52.373666904866695 5.3123090043663979 66.012002024333924 14.445083991624417 12.961909707635643 4.1250208783894831 3.8436611727811387 5.5957952756434661 10.537443829234688 6.871319301892072 152.50197870191187 11.07985685486347 4.1972294715233138 4.8187959389761073 6.273586465511471 10.771944819949569 16.580994752235711 15.217533988878129 4.6257277289405447 4.9236119571141899 41.676952726673335 52.408828378189355 3.2143914559856057 6.0911075891926876 2.8312304983846843 4.1521579255349961 4.5459013162180808 4.6276275063864825 5.6160759259946662 8.1456532068550569 4.4465831140987584 5.4901530602946869 10.161099338438364 10.923292156308891 6.3592961630783966 7.7959412438794971 2.0598241803236306 23.155826408416033 2.4132285201922086
leaf_count=3669 256 1348 3365 17949 1224 340 488 449 2849 286 3655 379 331 146 125 203 312 220 11614 346 231 132 170 399 435 237 212 234 1114 2838 171 345 148 184 205 174 268 388 207 139 291 501 274 275 116 1787 153
internal_value=-0.000370808 0.00435913 0.00153065 -0.0173777 -0.00246135 -0.00480106 0.0244003 0.0422524 0.00767828 0.0438038 -0.0044387 0.0120644 0.0026133 0.0217988 0.0452095 0.011449 0.0599083 0.0281206 -0.00868164 0.00218874 0.0214611 0.0326554 0.0593682 -0.001118 0.0141527 0.0308942 -0.00622889 0.0275277 -0.00757015 -0.0169448 0.020644 0.0159139 0.02139 0.0380723 0.0603541 0.0382539 -0.0102328 -0.00011731 0.0654141 0.0370564 -0.00163913 -0.013467 0.00637454 0.0218512 -0.0147102 0.00405507 0.0578972
internal_weight=935.856 732.795 643.108 203.061 466.923 425.298 89.6876 36.5501 100.649 12.3561 90.2299 176.184 90.036 86.1481 25.3774 60.7707 21.5338 10.9963 324.649 88.2925 26.3695 22.1722 11.0924 144.518 42.5705 25.9895 61.923 9.54934 101.948 60.2708 7.86199 53.4182 47.3271 26.2196 17.7723 13.6201 8.44731 21.1076 9.07421 19.9352 40.8354 27.4437 17.2826 13.3917 180.131 27.6289 4.47305
internal_count=61182 35909 33624 25273 25144 23920 2285 937 4800 626 7324 8480 5615 2865 803 2062 678 366 19120 4174 879 648 302 5450 1071 636 3295 446 4379 3265 427 2250 1905 1186 770 586 416 719 381 518 1544 1066 775 478 13670 2056 269
is_linear=0
shrinkage=0.05


Tree=37
num_leaves=48
num_cat=0
split_feature=6 5 4 4 5 5 5 16 11 14 18 16 0 3 16 21 16 0 2 2 2 23 0 0 19 23 2 2 11 2 0 11 25 16 11 4 11 3 25 2 2 11 2 2 2 21 13
split_gain=24.8401 16.0811 13.413 25.8903 11.622 15.0262 11.4624 9.28663 8.20663 7.44764 7.09835 6.43718 6.36956 7.06637 6.06874 5.54182 6.92156 5.38809 5.19412 15.7811 8.42003 7.30537 12.3341 11.0123 7.489 6.62854 5.57331 5.48307 5.45681 7.44705 5.44978 6.5375 5.33095 5.11096 6.89419 4.98823 6.44541 5.50955 4.98029 6.95507 5.80904 5.35809 4.88503 7.0972 4.70262 4.62065 5.61976
threshold=1.0000000180025095e-35 1.0000000180025095e-35 1.0000000180025095e-35 -1.0000000180025095e-35 1.0000000180025095e-35 -1.0000000180025095e-35 -1.0000000180025095e-35 2.5000000000000004 inf 1.0000000180025095e-35 1.0000000180025095e-35 6.5000000000000009 463.99000000000007 2.7020525026217244 6.5000000000000009 0.65000000000000002 10.500000000000002 256.26500000000004 1.3827416702207762 1.6336302047067635 -0.13647951554840129 15.500000000000002 712.35000000000014 812.28000000000009 1.0000000180025095e-35 13.500000000000002 -0.77150483541680537 -0.33568338272636661 215.25000000000003 -0.81145683644514321 4024.4900000000002 17.650000000000002 1.5000000000000002 7.5000000000000009 45.95000000000001 1.0000000180025095e-35 54.050000000000004 -0.59226985531205667 4.5000000000000009 -0.99408701697496993 2.0550852361647638 342.45000000000005 0.57732303867345902 -0.63750029299575728 0.39880418561621062 0.52500000000000013 674.25000000000011
decision_type=2 2 2 2 2 2 2 2 8 2 2 2 2 2 2 2 2 2 2 2 2 2 2 2 2 2 2 2 8 2 2 8 2 2 10 2 10 2 2 2 2 8 2 2 2 2 2
left_child=2 6 3 11 5 -4 8 -6 -2 15 -9 12 17 -14 -3 16 -8 -1 20 -20 21 22 28 -24 -25 -21 -26 33 -5 -30 31 -22 -32 34 -28 36 37 -16 39 41 -41 -12 43 -10 -34 46 -7
right_child=1 14 4 18 7 45 9 10 42 -11 38 -13 13 -15 35 -17 -18 -19 19 25 30 -23 23 24 26 -27 27 -29 29 -31 32 -33 44 -35 -36 -37 -38 -39 -40 40 -42 -43 -44 -45 -46 -47 -48
leaf_value=-0.032735688800320656 -0.039590495868849981 -0.030753037343906275 -0.014492622392693895 -0.04157108630039609 -0.02571815709417772 0.0085026304214391221 -0.0034634110654498808 -0.039007456805130854 0.03847595490527303 0.057030067726923095 -2.4872913766366625e-06 0.010247792968340283 -0.027356017978942094 0.055407600558015746 -0.021556411020113044 0.038896900235362991 0.071840095277284133 0.056600905859386888 0.12406013125033902 0.051279155005373701 0.038134989323216316 0.05393441494104087 0.10615853637398745 -0.017045274851720651 0.084009259845843356 -0.01413980695957829 -0.0034684130577594106 0.058607500990130658 -0.026094917618178982 0.047563765329494634 0.069652670754761101 -0.021063282387947309 0.047742469723930737 -0.028100086434677859 0.068236432062860009 -0.02029864158465176 -0.026490363613693991 0.057791727390429461 -0.011639515193909397 -0.00022729773655047713 0.043166207172210695 0.074902718894806694 0.053703821549408483 -0.038275392695635048 -0.012910230105790364 0.030455952656007285 0.054188056893012308
leaf_weight=1.7390583306550969 21.91639985376969 95.759583418723196 49.486168556381017 7.2933368361555067 49.672637034207582 109.90043506864458 54.189844512846321 10.898829083889721 3.9793605534359804 7.4975273460149756 3.8724144315347049 35.97950659878552 45.125161392614245 1.8172750868834544 2.3827614327892661 10.436177024152128 2.2301971428096286 4.0824679965153337 4.6007940913550582 7.6316681080497784 4.9669108600355711 27.83142350660637 4.2653781315311781 7.1482494529336682 4.6318841390311709 6.3956807674840093 7.7950046295300179 7.9839250827208188 6.0607325243763626 5.749999169725923 4.2329338155686882 20.792361438274384 3.8933293283917001 5.2484731562435618 4.7635962851345539 26.885909566655755 5.2547486214898518 7.2187846717424673 54.264169632457197 108.06768033374101 7.3043867340311399 5.2252761861309418 3.2939883596263817 6.7020273711532345 8.365693955216555 44.124298038892448 6.236324322409927
leaf_count=133 3123 15933 3501 316 7559 2727 3230 727 257 149 231 705 3736 108 130 386 52 277 163 237 136 897 122 364 124 199 200 192 166 148 133 775 114 55 221 2398 547 344 2719 5514 271 161 212 423 273 696 148
internal_value=0.00102121 -0.0125222 0.00591317 0.0154717 0.000815576 0.0093842 0.00171223 -0.00670248 -0.0211397 0.0128774 -0.00161271 -0.00589164 -0.016883 -0.0230631 -0.0238649 0.00715844 0.000712513 0.0290268 0.0280953 0.0526227 0.0242359 0.0329054 0.0225858 0.0375131 0.0271697 0.0224957 0.0377704 0.0266405 -0.010344 0.010679 0.00568131 -0.00865011 0.0272808 0.0099537 0.0267566 -0.0077132 0.0149068 0.0379244 0.000871888 0.00637569 0.00286734 0.0461767 0.00850671 -0.00883563 0.00850035 0.0168012 0.0113975
internal_weight=935.195 247.747 687.447 238.395 449.053 209.747 110.246 239.305 35.8918 74.3537 189.633 88.7435 52.764 46.9424 137.502 66.8562 56.42 5.82153 149.651 18.6281 131.023 88.772 60.9406 41.8365 37.5711 14.0273 30.4229 25.791 19.1041 11.8107 42.2512 25.7593 16.492 17.8071 12.5586 41.7422 14.8563 9.60155 178.734 124.47 115.372 9.09769 13.9754 10.6814 12.259 160.261 116.137
internal_count=61232 27184 34048 9794 24254 7072 7832 17182 4015 3817 9623 4959 4254 3844 19352 3668 3282 410 4835 599 4236 2805 1908 1278 1156 436 792 668 630 314 1431 911 520 476 421 3419 1021 474 8896 6177 5785 392 892 680 387 3571 2875
is_linear=0
shrinkage=0.05


Tree=38
num_leaves=48
num_cat=0
split_feature=5 5 16 6 4 25 16 10 6 3 10 21 4 4 18 1 2 4 23 23 20 4 22 25 23 23 3 4 25 1 3 10 16 20 19 13 16 1 3 2 1 2 23 10 18 3 25
split_gain=20.3153 25.9974 19.8856 10.722 9.71382 9.31765 7.07353 8.02536 6.74207 6.66623 7.96097 6.4712 7.60695 12.2518 8.95387 7.30348 6.21496 6.03989 6.37978 6.30791 6.02266 5.98862 7.25194 5.94951 5.92816 8.41689 6.87271 5.7285 5.50234 5.45269 5.52997 5.69129 5.29756 5.28606 5.21768 9.91221 5.52939 5.45613 5.0869 12.6358 5.00043 4.68714 5.32859 4.64537 4.63233 5.28861 4.9792
threshold=1.0000000180025095e-35 -1.0000000180025095e-35 2.5000000000000004 1.0000000180025095e-35 1.0000000180025095e-35 5.5000000000000009 8.5000000000000018 99.350000000000009 1.0000000180025095e-35 0.66500137425195716 124.45000000000002 0.30000000000000004 1.0000000180025095e-35 -1.0000000180025095e-35 5.5000000000000009 6.8509044647613129 -1.1056940681522371 -1.0000000180025095e-35 19.500000000000004 6.5000000000000009 1.0000000180025095e-35 1.0000000180025095e-35 1.0000000180025095e-35 2.5000000000000004 11.500000000000002 5.5000000000000009 -0.64870073679273343 0.75000000000000011 3.5000000000000004 7.8487347208096612 -0.20092644716820549 30.650000000000002 6.5000000000000009 1.0000000180025095e-35 1.5000000000000002 75.65000000000002 6.5000000000000009 8.7702651853832165 -0.45552871679961432 -0.048310021251187642 6.3864499339416438 -0.70688259730953706 10.500000000000002 31.050000000000004 4.5000000000000009 -0.57579573176998078 3.5000000000000004
decision_type=2 2 2 2 2 2 2 2 2 2 2 2 2 2 2 2 2 2 2 2 2 2 2 2 2 2 2 2 2 2 2 2 2 2 2 2 2 2 2 2 2 2 2 2 2 2 2
left_child=1 4 8 6 17 11 21 28 -2 10 16 33 13 32 24 -16 -5 18 -1 -19 43 22 -4 -11 25 -14 -27 -22 -8 30 31 -21 40 -3 35 -25 -36 -38 -28 -40 -13 -12 -43 -7 45 -15 -47
right_child=2 5 3 9 -6 20 7 -9 -10 23 41 12 14 44 15 -17 -18 19 -20 29 27 -23 -24 34 -26 26 38 -29 -30 -31 -32 -33 -34 -35 36 -37 37 -39 39 -41 -42 42 -44 -45 -46 46 -48
leaf_value=-0.029541161494870179 -0.015794521415014182 -0.017760926818694935 0.006585321322397213 0.035021905443266908 -0.021991893013810125 0.0020531130822798523 -0.0043485225392406414 0.061022019874015725 -0.042983085562255295 -0.020484788875137962 -0.036156006145161811 0.042818587589655212 0.0044460506872177202 0.023204408911684491 0.00010532923112853716 0.064549483087830692 -0.029739708372620785 -0.014267830287725249 0.045789679718619414 -0.010411744418774238 0.064346660446647691 -0.0057939666078412385 0.063567102973094355 -0.011840044480521285 0.0016445933104469995 -0.007951829160515296 0.08290278364631129 -0.0041477957776214934 0.027742366336622498 0.0031114617796193719 0.11619014955939147 0.070669648956669995 0.033999236298596733 0.032264588231553364 -0.029751769548504073 0.13961735346509332 0.090837563409646063 -0.014544335878593934 -0.011635517682458669 0.060692070163003112 -0.022902284735776934 -0.015485048787631434 0.058639678424149272 -0.034552681016421928 0.018156400712435419 0.048706577293644006 0.098411939721545688
leaf_weight=12.690822137985377 73.920913237147033 18.070613804273311 87.957134788390249 3.0969151123426846 72.894852357916534 18.693777254316956 27.052137454040349 8.7814849745482189 33.477517261169851 7.2915789242833879 2.3097087005153289 2.6842578682117191 36.419459908735007 9.0421886509284359 6.093054196797314 14.819686756469308 68.843853084836155 6.6949264244176474 2.5938812950626007 3.7736025890335441 4.4361561960540694 149.66372013185173 4.9944064398296169 1.5887356987223014 70.09193251375109 6.4663042868487528 7.2359603154473033 6.706053723115474 24.944945738650858 6.1050807419233015 2.5356550654396397 3.4579277625307441 10.977888717316089 6.3148609488271168 3.8137784493155777 1.6294902996160088 1.817627087235451 1.7549140620976684 9.2059699390083587 15.127801070455458 12.960095958784221 3.2259668544866127 5.8099388051778078 14.990360624156891 9.4893934419378621 16.766523346304897 10.527607206255196
leaf_count=1050 10694 592 3372 386 6351 561 619 124 7294 759 161 121 1090 207 126 278 9204 371 206 216 128 8659 175 149 2201 211 185 193 545 336 110 189 148 182 425 170 128 113 299 400 715 240 358 413 144 396 202
internal_value=0.00110323 0.00927212 -0.00556917 -0.000472301 -0.0114232 0.0167476 0.00423331 0.019338 -0.0245879 -0.0144853 -0.0203998 0.0203367 0.0228424 0.0363325 0.0167528 0.046635 -0.0265099 0.00897213 -0.0147304 0.0249696 -0.00423863 0.000385517 0.010291 0.0126629 0.0121388 0.0218653 0.0380031 0.0261761 0.0112797 0.0413847 0.062797 0.0322344 0.00887964 -0.00404565 0.0352561 0.0797662 0.00866406 0.0472118 0.047371 0.0339499 -0.00973083 0.0173525 0.0332699 -0.014764 0.0517509 0.059803 0.070679
internal_weight=929.841 417.867 511.975 404.576 110.747 307.12 303.394 60.7786 107.398 101.183 83.2864 262.294 237.908 72.448 165.46 20.9127 71.9408 37.8519 15.2847 22.5672 44.8263 242.615 92.9515 17.8961 144.547 74.4555 38.036 11.1422 51.9971 15.8723 9.76719 7.23153 26.6222 24.3855 10.6045 3.21823 7.38632 3.57254 31.5697 24.3338 15.6444 11.3456 9.03591 33.6841 45.8257 36.3363 27.2941
internal_count=61196 17621 43575 25587 8829 8792 13494 1288 17988 12093 10349 7497 6723 1933 4790 404 9590 2478 1256 1222 1295 12206 3547 1744 4386 2185 1095 321 1164 851 515 405 984 774 985 319 666 241 884 699 836 759 598 974 949 805 598
is_linear=0
shrinkage=0.05


Tree=39
num_leaves=48
num_cat=0
split_feature=21 5 5 16 10 1 15 2 10 10 1 10 15 2 23 25 10 1 10 21 1 4 18 13 13 10 19 20 10 19 20 13 23 13 13 21 19 19 18 13 23 5 2 1 10 4 4
split_gain=21.5434 18.1281 12.4369 10.4438 9.2281 7.57025 6.69899 6.62913 6.03209 6.02829 5.89439 8.76803 7.62512 6.56127 5.71071 9.75919 5.5621 7.41229 6.51352 5.78263 5.70915 5.06398 5.06183 5.98337 6.27025 5.8783 5.53005 8.56169 11.4526 7.98189 7.295 7.48357 6.14279 4.8141 4.75256 4.63347 4.48248 4.37257 4.30055 7.49712 5.10404 4.83072 4.21037 7.73738 6.66159 5.33757 7.88058
threshold=0.52500000000000013 1.0000000180025095e-35 -1.0000000180025095e-35 6.5000000000000009 204.00000000000003 7.7493784975639537 1.0000000180025095e-35 -1.0687955941420129 566.65000000000009 875.95000000000016 6.2590363769209283 138.45000000000002 1.0000000180025095e-35 -0.67397887869101392 17.500000000000004 4.5000000000000009 21.750000000000004 9.4538671509641805 7.2500000000000009 0.30000000000000004 7.7802696564310141 0.75000000000000011 7.5000000000000009 707.1500000000002 263.55000000000007 11.950000000000001 2.5000000000000004 1.0000000180025095e-35 30.650000000000002 1.0000000180025095e-35 1.0000000180025095e-35 109.55000000000001 9.5000000000000018 149.95000000000002 180.05000000000004 0.4250000000000001 1.0000000180025095e-35 1.5000000000000002 2.5000000000000004 434.85000000000008 1.0000000180025095e-35 1.0000000180025095e-35 -0.29339242469724963 7.6616400160579827 80.950000000000017 -1.0000000180025095e-35 1.0000000180025095e-35
decision_type=2 2 2 2 2 2 2 2 2 2 2 2 2 2 2 2 2 2 2 2 2 2 2 2 2 2 2 2 2 2 2 2 2 2 2 2 2 2 2 2 2 2 2 2 2 2 2
left_child=1 2 6 5 38 -3 8 -5 -1 16 12 13 -4 -12 15 -8 17 19 -19 21 -21 -7 23 24 25 33 29 28 -28 30 31 32 -27 -15 -31 36 -9 -17 39 41 -40 -2 44 -44 -42 -45 -47
right_child=4 3 10 7 -6 9 14 35 -10 -11 11 -13 -14 22 -16 37 -18 18 -20 20 -22 -23 -24 -25 -26 26 27 -29 -30 34 -32 -33 -34 -35 -36 -37 -38 -39 40 -41 42 -43 43 45 -46 46 -48
leaf_value=-0.029224476135839686 0.019553150088225116 -0.025847109070514702 -0.033602864880769724 0.049854457111463711 0.044215656811466358 0.080717704975196827 -0.027809459728424898 -0.037052760577851888 0.030614084890289103 0.03014311017337656 0.032387533814690887 0.045480024125141127 0.019507969182874337 -0.019924365480028502 0.037240175019345921 -0.0056171350450101663 -0.022412346409945133 -0.011442385799863723 0.10976850602166272 0.067771272465953755 -0.017379400630384199 -0.0087927056561809356 0.049377103940757686 0.048573967976049653 -0.018493195345671658 0.11547578824138748 0.050809563079981739 0.069314626053793058 -0.016856514928282103 -0.016982392801030831 -0.021536822793576712 -0.013032470460387741 0.024919330135429543 0.027668878582106284 0.033479538039451202 -0.019253221411105373 0.005876534608911594 0.067497516244783187 0.056529503293548548 -0.033155571055075293 0.027107309076353305 -0.0026061276826963636 -0.037777823424787672 -0.028241651669909003 -0.025190583280890813 0.055058080111758514 0.0061064342595195283
leaf_weight=43.125018814112991 43.575011384207755 129.71801440860145 14.839453249238431 5.3152799676172426 20.69311080663465 2.4220299834851167 17.045893205795441 5.5370979593135408 3.8459394164383403 8.7091300389729422 27.573387371841818 18.878282128367573 10.91817375831306 25.912149063311521 8.9563541230745596 3.2295516692101947 49.986217732075602 1.5481307895388448 1.8055707660969345 1.1174323752056796 32.008056614082307 2.6074238852597773 5.5196189293637863 6.2621607901528469 28.630450289696455 3.7578891809098405 10.124746380373837 8.8685173974372429 13.468055099714546 30.004352521151304 3.9146988303400567 2.8911049682646981 4.2586743542924523 5.6975464150309554 4.5413210042752317 30.435159855987877 87.049064503051341 3.9751653643324971 6.4573353603482238 11.922481093555687 61.025231089442968 54.413560736225918 8.4626792247872782 6.5279727126471689 5.9698405209928742 9.7129394263029081 36.731410574866459
leaf_count=5264 1659 17272 697 201 598 271 827 250 278 531 925 415 199 829 419 167 6040 142 177 149 4169 378 107 202 1026 144 232 180 300 936 176 154 224 218 141 1366 3716 140 203 826 2209 4280 367 244 224 275 1347
internal_value=0.000878904 -0.00393258 0.00499173 -0.0115537 0.0128911 -0.017909 -0.0118283 -0.000117348 -0.0237889 -0.00747906 0.0109832 0.0138776 -0.0112025 0.0103579 0.00529083 -0.00751638 -0.0113474 0.00219124 0.064039 -0.00474167 -0.0126052 0.0405508 0.00622604 0.00430043 0.00202306 0.00731743 0.0143463 0.0300465 0.0130673 0.00363125 0.0331117 0.0528863 0.0754682 -0.0107604 -0.00959349 -0.00266101 0.00294067 0.0380334 0.0100741 0.00269328 0.0160241 0.00734597 0.0135665 0.00400667 0.0221452 0.0112583 0.0172884
internal_weight=929.989 664.497 306.239 358.259 265.492 229.922 80.1779 128.337 46.971 100.204 226.061 200.303 25.7576 181.425 33.207 24.2506 91.4949 41.5086 3.3537 38.1549 33.1255 5.02945 153.851 148.332 142.07 113.439 81.8294 32.4613 23.5928 49.368 14.8224 10.9077 8.01656 31.6097 34.5457 123.021 92.5862 7.20472 244.798 109.911 134.887 97.9886 128.43 61.435 66.9951 52.9723 46.4444
internal_count=61094 48862 14200 34662 12232 29129 7095 5533 5542 11857 7105 6209 896 5794 1553 1134 11326 5286 319 4967 4318 649 4869 4762 4560 3534 2487 712 532 1775 698 522 368 1047 1077 5332 3966 307 11634 6765 4869 5939 4666 2233 2433 1866 1622
is_linear=0
shrinkage=0.05


Tree=40
num_leaves=48
num_cat=0
split_feature=6 16 16 11 8 10 13 13 22 19 2 0 0 11 10 2 20 11 16 13 10 10 2 10 21 10 13 11 2 10 21 19 0 10 4 10 11 0 2 0 13 10 13 3 13 16 13
split_gain=21.9308 10.9276 10.7742 10.7636 9.81549 7.09503 8.56223 8.10348 8.05911 6.77622 6.45134 5.8034 8.14092 8.55718 5.60184 5.43023 5.68017 5.88925 5.45532 5.36434 6.37678 5.93511 5.10435 6.46239 4.8462 4.77525 6.42615 4.67499 4.60862 4.53841 5.24764 4.61932 4.49718 4.39705 4.32671 4.06168 4.38442 4.03364 7.43792 7.07541 6.87202 6.30191 6.1043 8.34899 7.7016 3.92802 3.91019
threshold=1.0000000180025095e-35 2.5000000000000004 4.5000000000000009 8.5500000000000025 1.0000000180025095e-35 124.45000000000002 2.8500000000000001 434.85000000000008 1.0000000180025095e-35 3.5000000000000004 2.499775760737323 1364.3000000000002 533.05500000000018 29.950000000000003 117.75000000000001 -1.1752533668620389 1.0000000180025095e-35 10.750000000000002 7.5000000000000009 287.25000000000006 4959.6000000000013 2294.4000000000005 0.62188023660966329 41.95000000000001 0.65000000000000002 20.250000000000004 155.65000000000001 88.65000000000002 -0.59219260696353293 68.15000000000002 0.65000000000000002 1.0000000180025095e-35 3176.6950000000002 97.450000000000017 -1.0000000180025095e-35 2.2500000000000004 0.8500000000000002 592.74500000000012 -0.40504095910801491 441.65500000000003 101.05000000000001 70.750000000000014 224.25000000000003 -0.20092644716820549 142.95000000000002 11.500000000000002 4.2500000000000009
decision_type=2 2 2 10 2 2 2 2 2 2 2 2 2 10 2 2 2 10 2 2 2 2 2 2 2 2 2 10 2 2 2 2 2 2 2 2 8 2 2 2 2 2 2 2 2 2 2
left_child=1 3 9 29 14 8 -7 -8 10 -2 35 12 -11 -14 15 -3 17 18 34 20 21 -6 -18 -24 45 26 -20 -26 -10 -1 31 33 -27 -31 -17 -4 -37 39 41 40 -36 -39 43 -40 -45 -19 -23
right_child=2 4 5 -5 19 6 7 -9 28 11 -12 -13 13 -15 -16 16 22 24 25 -21 -22 46 23 -25 27 32 -28 -29 -30 30 -32 -33 -34 -35 37 36 -38 38 42 -41 -42 -43 -44 44 -46 -47 -48
leaf_value=-0.0024591609654977891 -0.029276294307268459 0.040501000441167771 0.022205478012555832 -0.023717472065693954 0.033835976231410013 0.075221735726655706 -0.020259459223178872 0.064145298724079036 0.095269919873869707 -0.032135596810153703 0.047292856828949958 -0.019426110206780037 0.12977030031556672 -0.010102776105306004 -0.01927107200897888 -0.022382882630009864 0.009817844784983076 -0.011047615388821366 0.016132591887862979 0.058676807418678624 0.055164512021584428 0.019867700230054356 0.052577723322912932 -0.0046459859308040719 -0.016927669746941924 -0.0082033554842979774 0.063744065677005787 0.029621834354486551 0.0086857939409438582 0.075640043741914215 0.078599739289844234 -0.015983029681078436 0.029490937772891069 0.0026030112948645066 -0.031625184403630865 0.042186396093351688 -0.018056846458200833 -0.028492946744961209 0.045286005610727452 0.069245528827835787 0.043292959215341209 0.03333812741365625 -0.019940891832337777 -0.0065291945308142158 0.050027084620570206 0.027081841864384212 -0.026356478670721037
leaf_weight=57.865430696867406 95.415733550908044 10.504720859695224 6.5002613831311455 60.860558093991131 11.630402515642347 4.8595272852107909 9.8522144835442287 2.854341401718556 1.7378094359301028 1.7433638668153415 3.5533544500358394 7.0463803859893233 2.0472005251795058 1.4949324731715021 21.059159213211387 14.9102610303089 108.31668901396915 120.64917019661516 21.147593150846664 10.723738220520316 8.3059409675188345 6.1838692021556225 15.608600724022837 6.8016075026243916 7.0715529322624233 20.367385607212785 10.487584743648766 16.251142593566328 4.0260300519876173 2.9298363849520701 2.8032796382904044 7.2135667726397514 11.627984242513774 4.4888764945790172 5.801197041757403 2.1943693673238149 96.166639692615718 25.200617270544175 17.461376698687666 5.4395471075549713 4.5686662886291742 4.0215703402645877 12.425078145228325 31.305166317615665 6.4057841766625634 6.2133392561227074 11.969895937014369
leaf_count=4218 15313 369 539 9907 235 156 475 98 127 257 174 1056 198 287 624 540 3581 7467 262 220 143 107 491 207 238 260 96 556 327 182 107 410 115 265 192 119 7972 769 528 135 89 94 318 885 116 111 240
internal_value=-0.000147727 0.00438636 -0.0131488 -0.00825841 0.00751214 -0.00350484 0.0252149 0.00199743 -0.00810386 -0.0247999 -0.0113136 0.0094331 0.0448764 0.0815102 0.00540606 0.00652055 0.00568041 0.00226971 0.0080723 0.0286972 0.0189717 0.00741447 0.0145016 0.0357535 -0.0051209 0.0199084 0.0333862 0.0153921 0.0450167 0.00438317 0.0259932 0.0115315 0.00597438 0.0370057 0.00205821 -0.0137276 -0.0163018 0.00546233 0.0015209 0.0280738 0.0022863 -0.0191622 0.0106111 0.0177241 0.00412191 -0.00898295 -0.0103955
internal_weight=928.113 688.621 239.492 136.162 552.46 131.745 17.5661 12.7066 114.178 107.748 108.415 12.3319 5.2855 3.54213 503.646 482.587 472.082 341.355 191.17 48.8138 38.0901 29.7842 130.727 22.4102 150.185 63.6305 31.6352 23.3227 5.76384 75.301 17.4356 14.6323 31.9954 7.41871 127.539 104.861 98.361 112.629 96.8196 15.8094 10.3699 29.2222 67.5974 55.1723 37.711 126.863 18.1538
internal_count=61175 34077 27098 15089 18988 9987 729 573 9258 17111 8804 1798 742 485 18043 17419 17050 12771 4399 945 725 582 4279 698 8372 733 358 794 454 5182 964 857 375 447 3666 8630 8091 3126 2710 416 281 863 1847 1529 1001 7578 347
is_linear=0
shrinkage=0.05


Tree=41
num_leaves=48
num_cat=0
split_feature=21 4 4 5 5 11 2 11 22 16 14 18 23 2 0 11 2 0 20 11 11 19 18 4 10 10 16 2 5 23 0 2 11 26 0 0 11 11 23 10 10 3 18 19 0 3 3
split_gain=19.5379 15.4945 17.2368 10.4546 14.894 13.4585 8.79442 8.66403 8.67894 8.05327 6.82767 6.51149 5.685 5.56495 7.20613 5.55301 5.69913 13.7457 5.02205 7.4351 5.75826 5.18265 5.03408 4.95793 4.80867 4.90655 12.693 8.38921 5.58423 7.57974 5.28231 9.58956 5.30786 4.91096 8.95289 7.81967 4.50944 4.47821 4.92389 6.51769 5.46928 7.12165 4.4264 4.63949 5.00811 6.96984 4.50439
threshold=0.52500000000000013 1.0000000180025095e-35 -1.0000000180025095e-35 1.0000000180025095e-35 -1.0000000180025095e-35 5.2500000000000009 2.1141841412759326 4.0500000000000007 1.0000000180025095e-35 11.500000000000002 1.0000000180025095e-35 7.5000000000000009 11.500000000000002 -0.87174344528070058 769.0200000000001 23.750000000000004 1.8664767936449251 6570.4150000000009 1.0000000180025095e-35 10.750000000000002 102.25000000000001 1.0000000180025095e-35 3.5000000000000004 0.75000000000000011 2944.1000000000008 5.0500000000000007 4.5000000000000009 -1.0375989529240057 1.0000000180025095e-35 19.500000000000004 5703.0550000000012 -0.27138398045203466 342.45000000000005 1.0000000180025095e-35 2561.4900000000002 4803.670000000001 4.4500000000000011 4.6500000000000012 5.5000000000000009 47.45000000000001 46.95000000000001 -0.35580184308613289 1.0000000180025095e-35 2.5000000000000004 4731.920000000001 -0.451334681814683 -0.73364008829320471
decision_type=2 2 2 2 2 10 2 10 2 2 2 2 2 2 2 10 2 2 2 8 8 2 2 2 2 2 2 2 2 2 2 2 8 2 2 2 10 8 2 2 2 2 2 2 2 2 2
left_child=1 2 7 4 -3 6 36 42 -9 -7 15 12 13 -6 -15 16 17 -2 24 -20 -21 -22 -23 -16 25 26 -4 -27 29 30 31 32 -29 -30 -35 -36 -5 -25 40 -40 41 -39 -1 44 45 46 -44
right_child=10 3 18 5 11 9 -8 8 -10 -11 -12 -13 -14 14 23 -17 -18 -19 19 20 21 22 -24 37 -26 27 -28 28 33 -31 -32 -33 -34 34 35 -37 -38 38 39 -41 -42 -43 43 -45 -46 -47 -48
leaf_value=-0.034436191598283282 0.014409536064563742 -0.024241457098653538 -0.030861669695267931 -0.0099492292536583118 0.049940759885605632 -0.03132072275179671 0.048801379614748418 -0.030602321669507278 0.054487696302260705 0.03327482962358317 0.037914830859341497 0.059936689647055702 -0.0051707868399559972 -0.032139207765797984 -0.013089905276804654 0.00056169771719452968 -0.017929888224511362 0.078371618093822121 0.078462283809959954 -0.021855040203251477 -0.015499648844702833 0.060133807156336441 0.01255915522001088 -0.019969922755342033 0.064097653518396733 0.061326569671660308 0.069136338245044948 -0.012838339308864598 -0.024697509909472299 0.062489158586311301 0.04128449764607988 -0.045336159217942325 0.044606830452402005 -0.026859335399658731 0.092009081898065323 -0.0071036545762831029 0.038652156321444614 -0.019807349520759399 0.018143000918881002 0.071893508860129074 -0.024671021001123054 0.051060782966941998 0.048084882390576407 -0.0076235601812338107 -0.018426194486064019 0.064491664106132704 -0.022094885521010035
leaf_weight=5.0163118480704716 130.4432567791082 50.579969633370638 4.041431203018873 102.77068571560085 8.5500256251543743 108.38809360354207 6.3428279515355817 42.6514578810893 2.3162546132225534 4.2609227909706524 23.134821866173297 4.5502835456281892 74.060121961403638 8.3570338468998653 11.937253568787126 96.535038814414293 10.734443707857279 8.0696944708470237 6.5396361947059622 5.4752010719384989 4.4483982115052667 12.934614897007124 10.341450246749444 4.9997927481308571 3.2460273290053001 5.0452672129031262 8.571671743411569 7.0786868697032341 26.573778004385531 5.6938604728784403 6.1140089207328847 9.0850304509513098 7.3565676847938457 6.9710646851453912 3.4684499325230718 3.3478818598669022 4.0306632067076853 4.841227943077679 13.988690898288043 9.6619134931825084 7.163618888705968 8.9143232880160266 2.5046955407597125 17.234808012843132 4.3733131675980976 9.5864885183982569 5.5870160413905996
leaf_count=447 4020 5041 424 7267 272 16596 265 4753 230 150 472 94 2488 325 372 7208 309 270 239 361 341 588 286 128 126 256 225 292 2011 197 176 324 170 535 176 173 362 169 479 200 195 321 135 601 178 502 302
internal_value=0.00113228 -0.00350378 0.00710229 -0.00902837 -0.000916528 -0.0164498 -0.00420216 -0.00991045 -0.0251294 -0.0286061 0.0124642 0.00670265 0.00473381 0.0140358 0.00899896 0.00992466 0.0159367 0.018671 0.0182332 0.0330392 0.0220592 0.0311906 0.0403847 0.0150132 0.0118658 0.0093894 0.0371821 0.00464558 0.000116959 0.0144191 0.00344466 -0.0076742 0.0174304 -0.0124476 0.0112362 0.0486484 -0.00777349 0.021906 0.0269387 0.0421273 0.00862848 0.0264669 0.00575068 0.0116094 0.0263199 0.0377833 0.00252796
internal_weight=927.918 659.001 225.603 433.397 207.604 225.793 113.144 89.2703 44.9677 112.649 268.917 157.024 152.474 78.4139 69.8639 245.782 149.247 138.513 136.333 39.7393 33.1997 27.7245 23.2761 61.5068 96.5937 93.3477 12.6131 80.7346 75.6893 35.3282 29.6343 23.5203 14.4353 40.3612 13.7874 6.81633 106.801 49.5696 44.5698 23.6506 20.9192 13.7556 44.3026 39.2863 22.0515 17.6782 8.09171
internal_count=61051 48772 14048 34724 10084 24640 7894 7148 4983 16746 12279 5043 4949 2461 2189 11807 4599 4290 6900 1815 1576 1215 874 1864 5085 4959 649 4310 4054 1159 962 786 462 2895 884 349 7629 1492 1364 679 685 490 2165 1718 1117 939 437
is_linear=0
shrinkage=0.05


Tree=42
num_leaves=48
num_cat=0
split_feature=6 16 16 11 11 21 10 10 23 11 4 18 3 1 1 1 23 10 4 20 1 2 18 18 7 11 2 21 19 1 18 25 1 2 2 19 3 1 2 3 11 19 3 13 25 21 10
split_gain=20.2282 13.3148 8.91677 7.52784 8.54707 6.2531 12.2119 6.2187 6.18905 6.03906 8.70215 9.72993 5.36912 5.35299 7.34481 7.21539 5.70347 9.67091 5.40621 7.56324 6.01253 5.10019 7.27573 7.63708 5.8948 5.71521 5.03439 6.20854 4.86138 5.88458 4.77313 6.93531 4.70419 7.00357 7.80222 6.36666 6.12524 4.71288 7.0045 5.30994 6.2348 5.54334 6.10151 7.44141 7.41382 5.08382 8.92443
threshold=1.0000000180025095e-35 3.5000000000000004 7.5000000000000009 333.75000000000006 283.75000000000006 0.65000000000000002 38.45000000000001 4615.8500000000013 10.500000000000002 5.4500000000000011 1.0000000180025095e-35 3.5000000000000004 -0.85720466104022264 7.2631544093185676 7.4747041132546679 7.3906597086605599 17.500000000000004 63.45000000000001 1.0000000180025095e-35 1.0000000180025095e-35 6.9870700289287635 1.9457580520730759 3.5000000000000004 1.0000000180025095e-35 1.0000000180025095e-35 102.25000000000001 2.164471934383688 0.4250000000000001 4.5000000000000009 7.2191294630201215 1.5000000000000002 2.5000000000000004 9.7868930599765687 1.6632022963809836 1.2862992125721389 3.5000000000000004 0.62110850510536653 6.925477311776719 -0.43653472265461674 -0.51240113162562573 432.85000000000008 5.5000000000000009 0.29263034460933363 144.75000000000003 2.5000000000000004 0.52500000000000013 7.0500000000000007
decision_type=2 2 2 8 8 2 2 2 2 10 2 2 2 2 2 2 2 2 2 2 2 2 2 2 2 10 2 2 2 2 2 2 2 2 2 2 2 2 2 2 8 2 2 2 2 2 2
left_child=2 7 3 4 13 9 -7 28 -8 10 11 -3 -5 18 15 -15 17 -16 19 -1 -21 22 23 -19 25 -25 -11 -28 -2 -30 -20 -32 33 34 37 36 -36 45 -39 -40 -41 42 -42 -44 -45 46 -14
right_child=1 5 -4 12 -6 6 8 -9 -10 26 -12 -13 32 14 16 -17 -18 21 30 20 -22 -23 -24 24 -26 -27 27 -29 29 -31 31 -33 -34 -35 35 -37 -38 38 39 40 41 -43 43 44 -46 -47 -48
leaf_value=-0.0096200310578768503 -0.032509355707748516 0.05472973028322077 0.01500644433576161 0.053121428605499482 -0.041031100179153103 -0.0093783544145328405 0.0089178860618392974 0.053842296162752518 0.090540214742848263 -0.021474093968656075 -0.0097629760295030454 -0.0063659171216493005 0.052328322625913165 0.0068901219234888296 -0.0029297635651221151 0.07307468481932311 -0.018452530867630389 -0.024571928705670001 -0.039125092886342305 0.065622844025893079 -0.020622141411328426 0.087202068581498884 -0.020078375585568801 0.058001067185801593 0.11624121328012059 -0.023754689358839644 -0.020015864464907163 0.08716846109958655 0.081238708257572734 -0.031026710448129977 0.015034469196714651 -0.027365913369992684 0.055337867169836734 -0.021947372075945795 0.093983219176058341 -0.016435863327814059 0.015273697450672844 -0.01857427585899156 -0.023347291349201341 -0.032107896279190903 0.026503444688985363 -0.03551653775440302 -0.027005510691838226 -0.017841932328577781 0.050533868783692031 0.032784839297798636 -0.0037560587410786946
leaf_weight=23.413514736108482 74.217836574651301 12.972110866103323 188.76128895673901 5.4959272649139157 13.69194171251729 14.142168299760671 3.9338865592144412 1.3929945426061738 5.658388206269592 60.705022308509797 45.557293986901641 11.861479013692586 7.5803002887405446 10.096973730716856 70.15508647216484 6.2396083190105847 29.952831288799644 2.7916816906072262 20.283506469801068 6.2480531483888644 2.2538400767371058 2.9273615530692032 6.2324114674702278 5.2956123026087862 2.5590923423878849 2.5567995775490999 2.2677483647130425 1.5314273522235451 1.2780406288802617 1.5953566706739364 16.175572957377881 21.229674786794931 3.9476578007452181 19.660321216564626 5.4312645928002876 2.9108549938537172 4.7611489249393344 34.449227615725249 11.871360881254075 6.8720172350294879 57.918245227076113 4.3448419100604942 13.795693465042861 6.1313299727626136 8.4602193152531964 27.715982991270721 40.301028270740062
leaf_count=1519 13133 627 3189 239 1300 868 211 159 281 7807 2832 504 447 814 5374 543 2263 289 2461 430 156 134 273 292 160 216 202 97 189 275 1176 1529 139 852 251 79 210 1792 634 679 2541 99 478 302 406 665 2147
internal_value=0.0014523 -0.0111232 0.00576794 0.00228329 -0.00406266 -0.00273562 0.0204105 -0.0278282 0.0610683 -0.00692835 0.00319757 0.0264313 0.00814835 -0.00167742 0.00446565 0.0349257 0.00015258 0.00630891 -0.011138 0.00527649 0.0429953 0.0341765 0.0223136 0.0423289 0.0608487 0.0317045 -0.0178585 0.0323501 -0.0299745 0.0269891 -0.0201543 -0.0091162 0.00698059 0.00600811 0.00845545 0.0445391 0.0618656 0.00610854 0.000768119 0.00697232 0.0108626 0.0144349 0.0173276 -0.00165856 0.022501 0.0161274 0.00601178
internal_weight=929.626 237.114 692.512 503.751 242.104 158.63 23.7344 78.4842 9.59227 134.895 70.3909 24.8336 261.647 228.412 138.807 16.3366 122.471 92.518 89.6042 31.9154 8.50189 22.363 19.4356 13.2032 10.4115 7.85241 64.5042 3.79918 77.0912 2.8734 57.6888 37.4052 256.151 252.204 232.544 13.1033 10.1924 219.44 143.843 109.394 97.5223 90.6503 86.3055 28.3872 14.5915 75.5973 47.8813
internal_count=61263 27185 34078 30889 18929 13429 1360 13756 492 12069 3963 1131 11960 17629 10358 1357 9001 6738 7271 2105 586 1364 1230 957 668 508 8106 299 13597 464 5166 2705 11721 11582 10730 540 461 10190 6931 5139 4505 3826 3727 1186 708 3259 2594
is_linear=0
shrinkage=0.05


Tree=43
num_leaves=48
num_cat=0
split_feature=6 4 4 11 14 10 10 10 11 3 16 18 22 11 16 18 0 24 0 10 3 11 3 3 13 25 0 18 0 16 11 11 3 25 0 20 10 10 10 10 10 16 11 25 3 3 21
split_gain=17.1413 11.5977 16.1729 10.7753 9.05714 8.55779 7.87196 7.52036 7.25777 6.13014 5.61109 5.55813 5.539 5.17616 5.45986 5.2784 5.73679 5.15855 5.1233 4.50339 4.50029 4.49518 6.2962 9.33143 5.85619 5.77272 5.03474 4.34449 4.79626 4.45091 4.80807 4.17135 7.46914 13.181 7.17758 4.17238 4.16658 8.97381 4.13722 4.08604 5.53673 4.01925 5.54969 3.93794 3.9241 6.6231 7.50842
threshold=1.0000000180025095e-35 1.0000000180025095e-35 -1.0000000180025095e-35 6.0500000000000007 1.0000000180025095e-35 0.65000000000000002 1590.3000000000002 45.050000000000004 571.75000000000011 0.35464401132935525 3.5000000000000004 4.5000000000000009 1.0000000180025095e-35 4.2500000000000009 3.5000000000000004 3.5000000000000004 452.37000000000006 1.0000000180025095e-35 602.36000000000013 32.550000000000004 0.64254876366268576 74.950000000000017 -0.72493058559840351 -0.58819185292593501 2.8500000000000001 1.0000000180025095e-35 2319.1300000000006 2.5000000000000004 17797.920000000002 10.500000000000002 200.65000000000001 489.2000000000001 -0.0091563102156350055 3.5000000000000004 5492.9750000000013 1.0000000180025095e-35 21.150000000000002 57.050000000000004 11.65 8.4500000000000011 4.2500000000000009 8.5000000000000018 663.75000000000011 2.5000000000000004 -0.68784426316330016 -0.25180266533560514 0.4250000000000001
decision_type=2 2 2 10 2 2 2 2 8 2 2 2 2 10 2 2 2 2 2 2 2 8 2 2 2 2 2 2 2 2 10 8 2 2 2 2 2 2 2 2 2 2 8 2 2 2 2
left_child=1 2 13 4 7 -5 8 9 10 -2 -3 21 41 15 -15 16 -1 44 -8 -11 -20 24 -23 43 26 -25 38 -7 29 -29 -31 32 36 -34 -35 -33 -27 -38 -4 40 -16 42 -10 -24 -9 -46 -47
right_child=3 6 11 5 -6 27 18 17 12 19 -12 -13 -14 14 39 -17 -18 -19 20 -21 -22 22 23 25 -26 31 -28 28 -30 30 -32 35 33 34 -36 -37 37 -39 -40 -41 -42 -43 -44 -45 45 46 -48
leaf_value=0.051193387287917003 -0.023673314935152262 -0.020734494878302794 0.041659039207360346 0.059760983941392433 0.037668894017745071 -0.035090644108821727 -0.024601697047755718 -0.017468611405169556 0.051478375663579726 0.021249385091158573 -0.0033409466815020432 0.0052035506008056009 -0.029364494157425331 -0.042872032200288228 -0.014747680830541121 0.028158124314966074 -0.014491176547415874 -0.020714171908234619 0.038937599618911779 -0.038572376524177512 -0.012066263127101922 0.067765067686172173 0.021236073484380544 -0.00014959135923964847 -0.020500094919483871 0.036997386747299472 0.048412139487062779 -0.021313017899814921 0.056340851618861099 -0.019426815310902092 0.072769703573066002 0.015739200642732033 -0.042181271220212348 0.0082083866310590971 0.11540234525132653 0.053789463869166103 0.14355478045256082 0.023873696171402448 -0.015099956328612621 -0.013161155993312036 0.072843414933458819 0.023179471363969476 0.0015612467016712748 -0.032574712965522772 0.057548157280270497 -0.024430160925008514 0.040500128635738153
leaf_weight=2.8355526039376882 53.419345250353217 64.288346120622009 3.6729234843514886 2.1718692013528189 12.52095230668783 51.264937936561182 4.1855628243647507 4.896154630463573 4.7961803534999481 14.785622507333757 161.76224486576393 36.209368313662708 10.153425625525413 12.372578950598834 3.0423763557337251 17.852171606384218 24.405759267043322 8.7837827573530358 23.800220666918907 2.9682705230079582 4.7488195416517547 11.158046354074029 4.8029013480991107 9.8398385136388224 9.3941320539452118 5.0822313139215076 10.594618984963743 53.596994761843234 1.3333330417517562 2.1831811349838963 1.8170109558850525 23.144871659111232 3.9490709616802668 3.1059029730968177 2.5187172084115446 10.436315775383262 4.5542822941206396 2.8306929063983262 9.2826880170032364 25.657022332772613 2.623075554613024 30.599077207036316 143.75457267742604 7.4621841767802835 10.429004597943278 8.3069510883651656 7.5776318777352563
leaf_count=100 4917 9362 116 315 402 9748 147 339 418 1103 7291 720 340 2000 147 366 1065 630 685 218 152 368 153 321 484 253 296 7591 97 160 116 558 233 161 111 204 212 132 289 1182 146 356 5463 236 710 591 389
internal_value=0.000400076 0.00435518 0.0130345 -0.0112125 -0.000998618 -0.0223474 -0.000444165 -0.00565082 -0.0023254 -0.0153231 -0.00835717 0.0225801 0.00488332 -0.00401842 -0.0161057 0.00778933 -0.00608344 0.011516 0.0227873 0.00972434 0.0303324 0.0276603 0.0334856 0.0277664 0.0114199 0.0351839 0.0244691 -0.0244886 -0.014834 -0.017415 0.0286297 0.0413268 0.0583674 0.0218479 0.0663843 0.0287779 0.0827063 0.105999 0.00282333 -0.00453355 0.0306508 0.00697656 0.00350634 -0.0114905 0.0209485 0.0284746 0.00710855
internal_weight=930.971 694.916 246.827 236.055 123.688 112.367 448.088 111.167 415.354 71.1732 226.051 158.039 189.303 88.7885 43.6951 45.0935 27.2413 39.9935 32.7346 17.7539 28.549 121.829 88.8851 77.727 32.9444 65.4619 23.5502 110.195 58.9305 57.5972 4.00019 55.6221 22.0409 9.57369 5.62462 33.5812 12.4672 7.38498 12.9556 31.3225 5.66545 179.15 148.551 12.2651 31.2097 26.3136 15.8846
internal_count=61393 34067 9853 27326 9299 18027 24214 8897 23230 6238 16653 4847 6577 5006 3475 1531 1165 2659 984 1321 837 4127 2942 2574 1185 2185 701 17712 7964 7867 276 1864 1102 505 272 762 597 344 405 1475 293 6237 5881 389 2029 1690 980
is_linear=0
shrinkage=0.05


Tree=44
num_leaves=48
num_cat=0
split_feature=17 4 4 6 21 10 15 18 8 4 13 13 2 25 13 13 13 18 0 0 0 3 23 13 13 9 23 9 19 20 23 4 2 21 3 17 3 15 18 14 10 25 23 23 17 21 10
split_gain=17.3084 10.7025 21.3436 7.43322 6.73183 6.66547 6.87691 6.84715 6.07914 5.67837 6.42578 6.14473 5.51514 7.05738 6.42081 5.37807 8.06652 6.24426 5.31397 6.31223 8.52328 17.5478 6.74155 4.82185 4.96578 5.72912 6.11885 4.77635 5.39097 5.15631 4.76415 4.73043 4.55484 4.47395 4.35591 4.26737 9.12599 4.257 4.04937 4.37629 5.43061 4.01548 4.0035 9.40433 5.31991 5.31848 5.26595
threshold=2.5000000000000004 1.0000000180025095e-35 -1.0000000180025095e-35 1.0000000180025095e-35 0.52500000000000013 4615.8500000000013 1.0000000180025095e-35 1.0000000180025095e-35 1.0000000180025095e-35 1.0000000180025095e-35 330.60000000000008 350.05000000000007 0.42013334612085279 2.5000000000000004 168.75000000000003 115.95000000000002 63.850000000000001 1.0000000180025095e-35 441.65500000000003 700.19500000000005 645.31000000000006 -0.70005378426555709 12.500000000000002 494.15000000000003 260.95000000000005 1.0000000180025095e-35 7.5000000000000009 1.0000000180025095e-35 3.5000000000000004 1.0000000180025095e-35 15.500000000000002 -1.0000000180025095e-35 -1.0375989529240057 0.52500000000000013 0.13317041008778674 5.5000000000000009 2.4966661189274508 1.0000000180025095e-35 5.5000000000000009 1.0000000180025095e-35 114.25000000000001 1.5000000000000002 4.5000000000000009 10.500000000000002 8.5000000000000018 0.4250000000000001 9.8500000000000032
decision_type=2 2 2 2 2 2 2 2 2 2 2 2 2 2 2 2 2 2 2 2 2 2 2 2 2 2 2 2 2 2 2 2 2 2 2 2 2 2 2 2 2 2 2 2 2 2 2
left_child=3 2 35 4 9 6 7 -3 -4 15 -11 -12 32 14 41 16 17 -1 33 20 22 -22 -20 24 25 42 -27 28 -5 -30 -24 -18 -8 -9 -19 36 -2 -17 39 40 -25 -14 44 45 -21 46 -44
right_child=1 5 8 27 -6 -7 12 18 -10 10 11 -13 13 -15 -16 37 31 34 19 23 21 -23 30 38 -26 26 -28 -29 29 -31 -32 -33 -34 -35 -36 -37 -38 -39 -40 -41 -42 -43 43 -45 -46 -47 -48
leaf_value=-0.035450064187760005 -0.026233221174125701 -0.038458476559703934 0.020282368022797734 -0.035414722019147846 0.010950312550619583 0.03404166508323709 0.031635499635032961 -0.041993896354784642 0.056391821682540658 -0.03015274322788359 0.086097815221981136 -0.0051800762696054062 0.03569964906550107 0.034754371628234075 -0.036390607973761965 -0.039774958455836375 -0.004168984863007175 0.049133616042322553 -0.023177048799650185 -0.030781806224421934 0.16714607776703166 -0.0039296678017691272 0.083621859988343095 -0.017966714618977194 -0.025881738591465326 0.085569283836539167 -0.0030412955608017443 0.037052474367393451 -0.017579758406426362 0.092741534295183531 0.0071103761225344911 0.10896322941644009 -0.0019976891060028558 0.0038467611046457927 -0.021771379809593514 0.0015985236307706017 0.076612083732917793 0.010715839873383499 0.056590859436179357 0.055010411189104103 0.053130330214938265 -0.018059876993437026 -0.010210427584350324 -0.011423795785350219 0.017026891635073687 -0.0012934353223840835 0.046116273071069899
leaf_weight=5.4870154182426658 33.180513575207442 14.640749303158371 149.5728569640778 48.903137793298811 38.540049969684333 12.705465747974811 9.9419934963807446 15.050999688450249 12.122154626529662 50.124876717338338 1.1888231099583197 11.110148999374358 9.1515367114916462 30.596342839766294 7.6655858191661528 8.4261857969686371 1.1694017583504321 5.9587030368857068 9.3630217947065884 26.72291658911854 1.7422169346828011 3.2077480051666489 2.3258552583865804 13.795010064262906 29.460181173402816 2.6244742705021045 4.0702364901080728 1.8594713332131494 2.0542899628635491 0.74891171208582807 5.7866175295785069 2.4097704174928358 124.87438357435167 7.728585733100771 2.4582466795109212 60.908069698605686 1.3450175109319378 6.8797603580169371 4.0037163596134624 2.658354422543197 2.2895433313678941 4.5237386599183074 4.9664330130908665 84.291370718972757 6.6679204208776346 20.638715833192691 17.142518455395475
leaf_count=588 3028 1481 4806 9353 3050 298 263 1416 223 6810 140 1530 254 806 223 1344 175 580 709 1950 112 242 147 1097 2410 149 278 332 374 135 432 213 3876 348 246 2059 71 334 216 81 81 122 391 5856 243 1050 1204
internal_value=0.000640499 0.00409755 0.0123036 -0.012888 -0.00648743 -0.000327294 -0.0013354 -0.00629477 0.0233194 -0.0135863 -0.0223234 0.00945347 0.00607238 0.0197482 -0.0023588 0.00321577 0.0215951 0.0024591 -0.00437654 -0.00214891 0.0225396 0.0742552 0.00466485 -0.00476403 -0.00730336 -0.00389396 0.0383021 -0.0284583 -0.0314725 0.0285294 0.0358157 0.0791618 0.000697247 -0.0269335 0.0283123 -0.00640904 -0.0201829 -0.0178148 0.0165653 0.00558197 -0.00532898 0.0178973 -0.00588116 -0.00176973 -0.0210172 0.0170925 0.033569
internal_weight=923.084 735.765 257.129 187.319 133.753 478.636 465.931 279.177 161.695 95.2129 62.4238 12.299 186.754 51.9372 21.3409 32.7891 17.4831 13.904 264.536 241.757 22.4255 4.94996 17.4755 219.331 196.585 167.125 6.69471 53.5658 51.7063 2.8032 8.11247 3.57917 134.816 22.7796 8.41695 95.4336 34.5255 15.3059 22.7466 18.7429 16.0846 13.6753 160.43 127.039 33.3908 42.7477 22.109
internal_count=61126 35922 10187 25204 15010 25735 25437 19893 5029 11960 8480 1670 5544 1405 599 3480 1802 1414 18412 16648 1642 354 1288 15006 13531 11121 427 10194 9862 509 579 388 4139 1764 826 5158 3099 1678 1475 1259 1178 376 10694 8501 2193 2645 1595
is_linear=0
shrinkage=0.05


Tree=45
num_leaves=48
num_cat=0
split_feature=5 5 17 4 4 11 25 10 3 2 11 11 10 10 2 21 17 11 2 21 2 0 18 2 3 11 10 11 10 17 0 21 0 0 11 2 10 11 11 10 3 4 0 25 10 10 11
split_gain=17.9295 18.3715 12.4474 7.50688 8.7409 6.25092 5.9356 6.20104 5.90567 8.59185 10.8215 6.77851 5.65486 5.44636 5.32619 6.4778 5.40123 5.34626 5.48733 4.96818 7.89026 5.00761 5.45595 8.13512 4.95682 4.86863 5.37821 4.75697 4.60447 4.48122 4.30705 4.24126 7.26273 6.56447 5.75029 4.22102 8.86302 5.31592 5.21082 5.64385 11.4433 5.10482 5.19801 4.4957 7.08287 7.02895 4.47201
threshold=1.0000000180025095e-35 -1.0000000180025095e-35 2.5000000000000004 1.0000000180025095e-35 -1.0000000180025095e-35 inf 5.5000000000000009 45.95000000000001 -0.55553733252659532 -0.31559818017670266 0.8500000000000002 3.0500000000000003 13.350000000000003 7.0500000000000007 2.1141841412759326 0.52500000000000013 12.500000000000002 4.0500000000000007 -1.0071818630970688 0.52500000000000013 -0.8552056183345681 1470.4500000000003 4.5000000000000009 1.1017796979292289 1.2493352953849366 1.8500000000000003 27.250000000000004 426.25000000000006 3249.1500000000001 4.5000000000000009 441.65500000000003 0.52500000000000013 1003.4900000000001 6703.7450000000008 63.550000000000004 -0.77789680920477255 23.550000000000004 718.45000000000016 260.85000000000008 69.850000000000009 -0.43777240769489945 1.0000000180025095e-35 2292.6950000000002 1.0000000180025095e-35 22.950000000000003 10.050000000000002 188.55000000000004
decision_type=2 2 2 2 2 8 2 2 2 2 10 8 2 2 2 2 2 8 2 2 2 2 2 2 2 10 2 10 2 2 2 2 2 2 8 2 2 10 10 2 2 2 2 2 2 2 8
left_child=1 5 31 4 8 28 19 12 -4 10 -10 -11 -8 -12 15 16 -5 -17 -19 30 -21 25 23 -23 -20 -22 -27 -6 -1 -14 -3 -2 34 -34 -33 36 -32 38 39 43 -41 42 -40 44 45 -37 -42
right_child=2 6 3 14 27 -7 7 -9 9 11 13 -13 29 -15 -16 17 -18 18 24 20 21 22 -24 -25 -26 26 -28 -29 -30 -31 35 32 33 -35 -36 37 -38 -39 41 40 46 -43 -44 -45 -46 -47 -48
leaf_value=-0.023818838060778839 -0.028614852334490404 -0.011643695621905547 -0.034152413316883554 -0.016640906146397509 0.011753680826769298 0.0037011150787676765 -0.015747030044658515 -0.027576352647790483 0.07157970025447126 0.05192182713444396 0.057878529419832306 -0.024316792035797521 -0.0072325056080575767 -0.030573968242996907 0.020724805622125423 -0.038160684311700943 0.036931077266633992 0.05212886349453421 -0.001727513931032328 -0.016369322980232314 0.025928713573506582 -0.0062092353246485012 0.054241129336649999 0.044236462176038598 0.048136523132631719 0.10491434935977006 0.032550141834499662 0.050766515756182545 0.031658178386723357 0.044975162299628071 0.073199796730359257 -0.034377155478630982 -0.037749780983050228 0.034358197025307409 0.046592072121192457 -0.027614809772130291 0.0063081516128615182 0.058915388740472266 -0.020089878506322659 0.080622027940269403 -0.012834150934470823 -0.031323682910167287 0.060273513598623332 0.012835568506372087 -0.042345788335666663 0.047782659547666174 0.032141308977946648
leaf_weight=57.776540904538706 70.487501139519736 16.514902121387422 15.803653112845494 158.20682561630383 89.084259488154203 46.501723141875118 11.479258610866966 15.532136295922099 6.9466518471017462 2.3535196068696704 1.3027384884189812 24.035559758078307 5.758519682101908 6.3441678255330771 14.562765753827987 6.2935219737701109 3.9324009157717219 5.105880244402214 59.030558848986402 8.5064559304155392 12.466207146644594 21.992665523663163 9.1303135501220805 11.374774944037197 4.4379619625397018 5.8459024671465141 6.2129754768684506 7.7400886758696279 3.1478172370698294 11.485136126633732 7.9988709152676192 2.1243008438032129 14.663045520894231 3.1184260218869886 7.6958636573981503 4.7389670782722551 11.478010754100977 4.7701731771230689 3.3444348797202119 7.7818106296472278 9.4929419397376495 12.878483146894723 2.9559028730727732 84.127551554702222 9.4874091371893865 5.8642678931355476 10.968508403748272
leaf_count=6673 14369 562 1054 13957 3280 1936 390 399 228 101 117 1560 326 630 699 258 100 189 2801 168 117 509 112 215 192 180 153 417 178 184 287 273 2191 391 822 158 301 171 135 171 270 668 125 2506 261 167 197
internal_value=6.63678e-05 0.00768886 -0.0062917 -0.00240063 0.00628375 -0.0100794 0.0138157 -0.00308844 -0.00918888 0.00102171 0.0306253 -0.01587 0.0106359 -0.0105542 -0.00770727 -0.009534 -0.0151232 0.00261016 0.00684668 0.0166089 0.0274495 0.0331698 0.0219351 0.0117742 0.00245175 0.0510156 0.0729785 0.0153594 -0.0204875 0.0280996 0.0122334 -0.0221783 -0.00531512 -0.0239478 0.0275184 0.0145285 0.0360127 0.0116414 0.00977809 0.0133079 0.0327605 -0.0140528 0.0207055 0.00777504 -0.0130193 0.0146091 0.0116495
internal_weight=922.882 419.613 503.27 405.181 153.611 107.426 312.187 44.2551 56.7863 40.9826 14.5936 26.3891 28.7229 7.64691 251.57 237.007 162.139 74.8679 68.5744 267.932 75.5293 67.0228 42.4978 33.3674 63.4685 24.5251 12.0589 96.8243 60.9244 17.2437 192.402 98.0891 27.6016 17.7815 9.82016 175.887 19.4769 156.41 151.64 132.461 28.2433 19.1788 6.30034 104.218 20.0906 10.6032 20.4615
internal_count=61148 17519 43629 25583 7387 8787 8732 1299 3690 2636 975 1661 900 747 18196 17497 14057 3440 3182 7433 1454 1286 836 724 2993 450 333 3697 6851 510 5979 18046 3677 2582 1095 5417 588 4829 4658 3730 638 928 260 3092 586 325 467
is_linear=0
shrinkage=0.05


Tree=46
num_leaves=48
num_cat=0
split_feature=14 4 4 10 17 5 2 0 0 11 10 9 19 13 10 10 19 9 17 13 2 13 10 2 20 18 20 0 2 0 11 11 13 19 2 11 3 11 13 13 19 13 3 5 3 11 2
split_gain=15.554 15.7527 17.7852 9.05276 8.35361 6.98734 6.80783 7.00068 6.75992 6.70175 9.01568 7.64418 6.53997 6.29164 6.11499 6.63691 5.92189 5.89631 5.87408 5.31313 5.0382 6.75896 4.82373 4.81933 4.92465 5.33245 4.7063 4.68774 17.2621 4.7386 4.7127 4.52617 4.39305 4.24127 4.19653 3.90431 3.83228 4.59827 4.36638 5.55143 3.77922 4.60021 4.14965 5.99252 4.46983 3.77068 3.70354
threshold=1.0000000180025095e-35 1.0000000180025095e-35 -1.0000000180025095e-35 71.65000000000002 5.5000000000000009 1.0000000180025095e-35 0.70710678118654868 1518.2500000000002 3502.4350000000004 583.75000000000011 2.0500000000000003 1.0000000180025095e-35 1.5000000000000002 139.25000000000003 57.050000000000004 38.850000000000001 2.5000000000000004 1.0000000180025095e-35 2.5000000000000004 203.45000000000002 -0.70822433995273648 83.950000000000017 4959.6000000000013 2.499775760737323 1.0000000180025095e-35 6.5000000000000009 1.0000000180025095e-35 7205.2050000000008 1.9457580520730759 5601.0200000000013 11.850000000000003 378.45000000000005 446.65000000000003 2.5000000000000004 2.0550852361647638 663.75000000000011 3.2469350715151752 929.1500000000002 53.95000000000001 93.350000000000009 2.5000000000000004 6.9500000000000011 -0.52948992360241165 1.0000000180025095e-35 0.13317041008778674 4.6500000000000012 1.1608323581327629
decision_type=2 2 2 2 2 2 2 2 2 8 2 2 2 2 2 2 2 2 2 2 2 2 2 2 2 2 2 2 2 2 8 10 2 2 2 8 2 8 2 2 2 2 2 2 2 8 2
left_child=1 2 4 14 17 6 7 16 -5 11 19 18 -10 26 15 27 -2 36 -3 -11 21 -17 23 24 -20 46 33 29 -29 30 45 -7 -21 -13 40 -12 37 -1 -39 -40 42 -42 43 -6 -44 -4 -26
right_child=5 9 3 8 34 31 -8 -9 12 10 35 13 -14 -15 -16 20 -18 -19 22 32 -22 -23 -24 -25 25 -27 -28 28 -30 -31 -32 -33 -34 -35 -36 -37 -38 38 39 -41 41 -43 44 -45 -46 -47 -48
leaf_value=-0.038818976628085318 0.012274025178792607 -0.026537361611472396 0.013130824205653455 0.022626503905634393 0.037292175034065692 0.00032171811117324273 0.06847828000106404 -0.00088424846086977791 0.013133480556591829 0.065465595284446038 0.03171816843093133 0.096001865218009449 0.092318641918167646 -0.021628140097823222 -0.025785796287834013 0.0094970892776035237 0.067585478360330367 0.046911724113513548 -0.016860148448371515 -0.039451752967986295 0.020690525278847679 0.11186245310577235 0.036864742433448637 0.032337065936042672 -0.0094252857503349542 0.042722835552999092 -0.015133581032171923 0.082587235218079771 -0.034237964835762802 -0.034691069568576066 0.0023496443147568288 0.046284905677949191 0.041232830140228924 0.0083573416950455288 -0.041498610955204192 -0.0043619015522659921 0.042766008439278504 -0.038062609261369493 0.071054942665536344 -0.0063960177010746085 0.026746709617657783 -0.017303111112585749 0.05662834565227725 -0.042329679892201773 0.0039369060094420639 0.063987593368565618 0.032577610440785415
leaf_weight=33.018957007676363 9.7836898216046411 67.859043677104637 11.403949903789909 27.981110802153125 3.3485888112336397 44.855761838145554 9.633948188275097 17.914320899639279 4.2324532065540534 6.877714987844227 6.77247863379307 3.7202501976862532 7.833153921412304 3.9800336677581072 9.7337277133483422 2.8563887448981431 9.7550821534823609 2.0726618370972565 149.50498156296089 2.5409798445180058 16.142519693821669 3.4197078731376678 4.4796198001131406 5.3507440795656285 47.460337676573545 5.5884003534447393 1.7716353693976996 6.9244516368489695 4.5286728832870722 6.1166596089024088 77.453037520404905 5.0846269244793794 2.2228716674726456 2.2420199981424958 3.3992973952554157 217.58831549412571 1.1427623727358867 6.6837874734774259 1.8716239416971792 11.241106006084008 7.59037699364126 18.191576823592186 9.8068796331062931 4.2072093207389143 6.6667792005464426 4.9071480594575396 4.9026162263471624
leaf_count=4946 170 12411 420 1048 84 1519 140 266 182 306 664 324 189 410 500 123 142 224 12218 109 805 124 139 218 3539 246 158 321 206 260 3948 254 171 140 111 10411 97 537 135 802 229 693 358 216 195 199 321
internal_value=0.000215483 -0.00201789 0.00728401 0.0167576 -0.00863996 0.0190467 0.032664 0.0219104 0.0375164 -0.00713277 -0.000835529 -0.0121194 0.0676727 0.0260025 0.0107444 0.0135744 0.0418353 -0.0219445 -0.0137709 0.0402568 0.0378208 0.072982 -0.00968062 -0.0108282 -0.0120914 0.00028864 0.050184 0.00839887 0.0373535 0.00474134 0.00765263 0.00581815 -0.00118146 0.0689786 0.00551613 -0.00313689 -0.0253949 -0.027637 -0.00801655 0.00891031 0.00947815 -0.0038201 0.0233288 -0.00680839 0.0367501 0.0312434 -0.00495586
internal_weight=922.664 825.637 292.775 183.533 109.242 97.0274 47.087 37.4531 40.0467 532.862 236.002 296.86 12.0656 11.7139 143.486 133.753 19.5388 56.0309 285.146 11.6416 22.4186 6.2761 217.287 212.807 207.456 57.9514 7.73391 111.334 11.4531 99.8808 93.7641 49.9404 4.76385 5.96227 53.2107 224.361 53.9582 52.8155 19.7965 13.1127 49.8114 25.782 24.0295 7.5558 16.4737 16.3111 52.363
internal_count=61228 58737 16952 8325 8627 2491 718 578 1419 41785 11661 30124 371 1032 6906 6406 312 6741 29092 586 1052 247 16681 16542 16324 4106 622 5354 527 4827 4567 1773 280 464 1886 11075 6517 6420 1474 937 1775 922 853 300 553 619 3860
is_linear=0
shrinkage=0.05


Tree=47
num_leaves=48
num_cat=0
split_feature=16 8 11 3 11 6 2 3 0 13 5 0 10 20 3 16 25 10 16 3 10 11 11 21 25 3 3 5 0 3 10 3 0 2 23 11 2 0 13 25 25 2 2 2 2 2 2
split_gain=12.8034 8.5124 7.14899 6.07775 6.04969 6.97498 5.96421 5.76243 5.55652 5.31834 7.81961 5.22341 7.06255 5.01075 4.96958 4.74126 6.57059 4.69549 4.5695 4.56526 5.76774 4.24708 7.09733 4.09913 4.06749 5.49557 9.4527 4.50561 4.75635 6.46039 4.04284 4.26398 4.33549 4.03988 4.81331 4.02958 4.11338 7.58693 6.81021 5.9319 11.425 12.9285 4.02072 3.95992 6.57553 3.93063 6.41815
threshold=2.5000000000000004 1.0000000180025095e-35 7.3500000000000005 0.64254876366268576 5.4500000000000011 1.0000000180025095e-35 2.2580490963731048 0.25201768197009738 9675.2950000000019 117.65000000000002 1.0000000180025095e-35 7758.3050000000012 17.250000000000004 1.0000000180025095e-35 1.6054918067865638 7.5000000000000009 4.5000000000000009 44.150000000000013 5.5000000000000009 0.38562187393630948 14.65 67.850000000000009 70.65000000000002 0.52500000000000013 1.5000000000000002 -0.60456449755320951 -0.50407052492242499 -1.0000000180025095e-35 3418.8200000000006 0.73957661800053809 5.6500000000000012 -0.65977402544122599 918.42500000000007 -0.20336960569046952 10.500000000000002 1.4500000000000002 0.62188023660966329 1551.9550000000002 45.150000000000013 5.5000000000000009 4.5000000000000009 -0.47250376516265435 0.37987279935036838 1.3161665364458173 1.4907318073178069 0.1094660655678428 -0.14689714325096268
decision_type=2 2 10 2 10 2 2 2 2 2 2 2 2 2 2 2 2 2 2 2 2 10 10 2 2 2 2 2 2 2 2 2 2 2 2 8 2 2 2 2 2 2 2 2 2 2 2
left_child=2 4 17 9 6 8 11 -7 21 10 -3 13 -13 30 -5 16 -11 -1 -10 20 -9 -6 -23 -21 25 -24 -27 -28 33 -30 31 -2 -33 34 -29 -15 37 39 -38 40 41 -37 45 -44 -45 46 -26
right_child=1 3 -4 14 5 7 -8 19 18 15 -12 12 -14 35 -16 -17 -18 -19 -20 23 -22 22 24 -25 42 26 27 28 29 -31 -32 32 -34 -35 -36 36 38 -39 -40 -41 -42 -43 43 44 -46 -47 -48
leaf_value=-0.011591558787787826 -0.019296700840370218 0.038788033349258247 -0.023022015419307415 -0.040667005685971265 -0.014002195187017919 -0.0255980291708113 -0.025163951707826843 -0.025775803412215793 0.057636319440084294 0.0019063666293617329 -0.0099142557800023217 0.058321431039989491 0.0038720189655823429 -0.023735130871186318 0.022523853660650451 0.07269507293952672 0.064847794720328103 0.010387240066445176 0.0039132561320406392 -0.019625226337925749 0.093869264093395494 0.071687363850077776 -0.017727889490856706 0.028892046256801543 0.0024361962208817498 0.082897666146729165 -0.038595971418570851 0.049147787560050539 0.071835222266605103 -0.0053522201430120731 -0.0019465411399001834 0.058998911210671648 0.013064629576141455 -0.030581712596609457 -0.011669959519789018 0.0018533883018376715 0.00090361138956054031 -0.0057178839137963788 0.071713312256424272 -0.013780305544479255 0.093233909672111329 0.07381098605768989 -0.037216845596081918 0.059602501724918371 -0.020494887478645824 0.031109712541250108 -0.038944772879417937
leaf_weight=61.852768383454531 6.1308371368795624 13.759116567671301 81.382084037642926 6.1629819348454458 53.756367172114551 55.068691980093718 14.394578364677725 1.0316989987622975 6.3281736229546359 11.31725544459187 17.95719159161672 10.155370478518309 13.105906481854616 5.6313580726273349 4.6418917388655245 8.1035237498581392 5.6021647222805759 38.670452274614945 8.9508476001210493 13.462554710451515 1.7723583916667847 2.5814856472425154 10.335354877635835 5.2510635575745246 72.423130941577256 4.5051956526003769 3.07983285840601 5.2155975499190408 6.1600001915357989 4.1526854140684009 193.03056822670624 5.9902269402518895 22.86795336054638 5.5894660782068994 6.1875199712812901 24.53606728836894 5.8629626594483835 33.150178854353726 7.1539237587712705 7.4549397393129757 5.7006423212587825 7.3969167391769615 15.01399301690981 2.5420339326374224 8.2698335289023799 8.4738983348943275 9.7472351570613665
leaf_count=5929 238 232 16643 170 2837 8299 307 139 394 389 552 263 370 226 111 131 162 2731 249 1742 248 119 615 468 3842 247 228 247 307 165 6323 179 720 303 325 649 161 909 156 188 157 211 849 105 437 452 545
internal_value=-0.000252741 0.00267183 -0.0120997 0.0194577 0.000959416 -0.00416296 0.00533716 -0.01715 0.0001551 0.025943 0.0117535 0.00666665 0.0290675 0.00497862 -0.0139112 0.0427853 0.0252027 -0.00311746 0.0283376 0.00464727 0.0546444 -0.00194019 0.00206769 -0.00523622 0.000522415 0.0130837 0.0224504 0.0111322 0.0179065 0.043028 0.000912375 0.0163005 0.0242561 0.00111644 0.0178669 0.0144413 0.0170289 0.0123685 0.0421596 0.0255015 0.0334382 0.0202567 -0.004425 -0.0214293 0.00178887 0.000600744 -0.00288174
internal_weight=921.911 740.006 181.905 67.5441 672.461 309.899 362.562 76.5864 233.313 56.7393 31.7163 348.168 23.2613 324.907 10.8049 25.0229 16.9194 100.523 15.279 21.5177 2.80406 218.034 164.277 18.7136 161.696 45.2257 34.8903 30.3851 27.3053 10.3127 228.02 34.989 28.8582 16.9926 11.4031 96.887 91.2556 78.2387 13.0169 45.0886 37.6336 31.933 116.47 25.8259 10.8119 90.6443 82.1704
internal_count=61269 35966 25303 1747 34219 23162 11057 10896 12266 1466 784 10750 633 10117 281 682 551 8660 643 2597 387 11623 8786 2210 8667 2437 1822 1575 1347 472 7460 1137 899 875 572 2657 2431 2114 317 1205 1017 860 6230 1391 542 4839 4387
is_linear=0
shrinkage=0.05


Tree=48
num_leaves=48
num_cat=0
split_feature=5 5 16 11 11 0 21 4 23 3 11 0 18 0 0 4 3 11 3 23 3 0 19 19 16 16 0 10 10 0 4 4 18 10 23 16 11 23 11 18 3 23 23 25 16 21 10
split_gain=14.0931 12.2627 11.6599 9.56694 6.6112 5.96987 5.44365 5.26688 8.97476 5.80045 4.89802 4.3454 4.3452 4.33725 5.6236 4.60246 4.88656 5.72174 6.29001 6.684 5.71868 5.47505 7.1946 6.63849 4.2821 4.33091 4.20498 4.35021 4.43949 5.46131 3.97906 6.67839 6.56499 6.29301 3.98833 3.94124 3.73551 3.72291 3.70337 4.59404 6.77906 4.09315 6.19689 4.70358 3.70307 3.64139 8.11953
threshold=1.0000000180025095e-35 -1.0000000180025095e-35 2.5000000000000004 399.35000000000008 11.850000000000003 6174.3300000000008 0.52500000000000013 0.75000000000000011 3.5000000000000004 -0.20820227045625669 7.3500000000000005 5492.9750000000013 7.5000000000000009 4803.670000000001 5040.0500000000011 0.75000000000000011 -0.48215157281545384 1.4500000000000002 -0.35026900900569219 19.500000000000004 -0.78972095668856601 3176.6950000000002 3.5000000000000004 2.5000000000000004 3.5000000000000004 8.5000000000000018 17797.920000000002 0.45000000000000007 1215.2500000000002 723.57000000000005 1.0000000180025095e-35 -1.0000000180025095e-35 4.5000000000000009 133.55000000000004 11.500000000000002 6.5000000000000009 304.05000000000007 18.500000000000004 45.95000000000001 2.5000000000000004 1.065170265734295 5.5000000000000009 8.5000000000000018 3.5000000000000004 4.5000000000000009 0.65000000000000002 13.15
decision_type=2 2 2 8 10 2 2 2 2 2 10 2 2 2 2 2 2 8 2 2 2 2 2 2 2 2 2 2 2 2 2 2 2 2 2 2 10 2 8 2 2 2 2 2 2 2 2
left_child=1 3 10 44 5 11 12 -5 9 -9 -2 13 30 15 -15 16 20 -18 -19 21 -4 22 -20 -23 -7 37 27 -6 45 -30 31 35 -33 34 38 -3 -8 -26 -32 40 -40 43 -43 -41 -1 -29 -47
right_child=2 6 4 7 26 24 36 8 -10 -11 -12 -13 -14 14 -16 -17 17 18 19 -21 -22 23 -24 -25 25 -27 -28 28 29 -31 33 32 -34 -35 -36 -37 -38 -39 39 41 -42 42 -44 -45 -46 46 -48
leaf_value=-0.038425696846305896 -0.0086654891771162906 -0.020593663262452502 0.032536839819862814 0.022177179212832247 0.051483428990760874 0.064478548353836637 0.02742754654516498 -0.0058902726875604177 -0.019654761250874848 0.09730710418683905 -0.031759847651247522 -0.038416573025006187 0.042705177164259076 0.071515620666611282 -0.00092983463523299212 -0.0072325199155573831 -0.03360800124985526 0.05044125869803609 -0.011494592170983253 -0.032521532761080628 -0.014708613487954379 0.081647016189771937 0.046033450620198368 0.0015312002677547293 -0.0075637260732932038 0.044727977374196065 0.040926302859366701 -0.016150962358436806 0.067868140481964184 -0.00086614338309417302 -0.015363315129748584 0.038144172262429978 -0.0097011689926490043 0.029539839375773386 -0.0098849367930085256 0.01777848377828823 -0.0058657929095105553 0.037711422244056034 -0.012772230546615623 -0.017972928896668666 0.058915227570487755 0.07067784248153608 0.0070697481590862093 0.03534944961740534 -0.010409166385180352 -0.038712281916603912 0.021369614348550149
leaf_weight=20.013825212605298 47.820573662407696 13.647732334677132 7.046147243352606 28.856775929220021 1.9388729243073601 4.5597886769101015 76.684760149568319 2.2786806300282478 24.531168141402304 2.028834480559456 45.088792605092749 5.5863630790263406 8.2606784068047983 4.1415484887547773 5.5395743092522025 86.577223916072398 4.1293143476359537 13.574054847937076 16.552862624404955 6.2470465917140237 30.695241493638605 5.5508247502148134 6.899064725264906 4.3360213073901832 17.465938563458629 8.1511836256831867 3.3315501175820819 126.73545023263432 2.7448664961848399 12.551907018991185 13.418322421610354 35.63651627721265 8.4741831677965802 18.455566574819386 63.285781260579824 11.342414584010838 9.094075200147925 5.0324390772730103 22.197549662552778 8.1804821393452603 2.846124126110225 8.1305268835276348 7.0173658928833893 6.5728251491673282 29.345212334301323 6.8786037317477193 18.705286201089621
leaf_count=3874 6150 878 230 1288 198 246 1404 170 1468 135 11726 192 149 107 179 4269 150 399 562 230 1128 175 184 115 569 107 207 13940 130 565 467 826 127 363 2296 146 310 158 968 203 106 180 189 164 1954 464 1092
internal_value=0.00146984 0.00820193 -0.00421829 -0.0063634 -0.000535988 0.00496971 0.0131842 0.00742383 -0.00758727 0.0518915 -0.020092 0.00152996 0.0090673 0.00289027 0.033856 0.00106318 0.00861757 0.0177039 0.0222366 0.0115607 -0.00527593 0.0205274 0.00661945 0.0498791 0.0236299 0.0157075 -0.00791296 -0.00910693 -0.010109 0.0148753 0.00761149 0.0174511 0.0289412 0.00299629 -0.000919431 -0.00316355 0.0238709 0.0037373 0.00740305 0.0131382 -0.00267586 0.0260411 0.0434736 0.00651895 -0.0223066 -0.0126987 0.00436714
internal_weight=918.18 420.299 497.881 107.054 404.971 232.085 313.245 57.6955 28.8387 4.30752 92.9094 196.875 227.466 191.289 9.68112 181.608 95.0306 57.2892 53.1599 39.5858 37.7414 33.3388 23.4519 9.88685 35.2093 30.6496 172.887 169.555 167.616 15.2968 219.205 69.1008 44.1107 150.105 131.649 24.9901 85.7788 22.4984 68.3632 54.9449 25.0437 29.9012 15.1479 14.7533 49.359 152.319 25.5839
internal_count=61137 17665 43472 8889 25596 9000 8776 3061 1773 305 17876 7920 7062 7728 286 7442 3173 1815 1665 1266 1358 1036 746 290 1080 834 16596 16389 16191 695 6913 1977 953 4936 4573 1024 1714 727 2277 1810 1074 736 369 367 5828 15496 1556
is_linear=0
shrinkage=0.05


Tree=49
num_leaves=48
num_cat=0
split_feature=16 11 5 6 5 11 19 11 3 2 2 21 2 4 2 0 2 0 0 18 11 2 2 18 13 3 2 13 21 5 16 2 2 0 24 13 0 11 13 16 2 0 2 26 3 2 21
split_gain=14.1079 7.89033 6.89371 8.85302 5.75809 7.52978 6.81257 5.67782 5.45157 5.26015 4.86084 4.74883 4.19839 4.06543 6.35886 5.56925 5.36608 4.1271 6.33932 4.99516 4.88589 4.55979 4.40877 3.93034 9.6721 5.21124 4.32237 3.73184 5.3874 4.28662 3.64997 3.58122 10.0721 5.05008 6.30579 15.9237 6.52924 13.1628 4.72847 4.58026 5.11797 4.66154 5.55461 4.64807 4.40304 7.79756 4.20299
threshold=2.5000000000000004 9.5500000000000025 1.0000000180025095e-35 1.0000000180025095e-35 -1.0000000180025095e-35 55.350000000000001 4.5000000000000009 5.0500000000000007 0.69068104874890712 -0.99408701697496993 0.23565566523386802 0.4250000000000001 1.6632022963809836 1.0000000180025095e-35 0.93030036995837506 1266.7600000000002 1.6632022963809836 712.35000000000014 1003.4900000000001 1.0000000180025095e-35 1.4500000000000002 -0.39366259691255551 1.4423846318133455 5.5000000000000009 99.550000000000011 -0.31685723633707935 -0.48662428731573099 309.75000000000006 0.37500000000000006 1.0000000180025095e-35 5.5000000000000009 -0.43653472265461674 -0.41578962427255134 2102.3350000000005 1.0000000180025095e-35 93.350000000000009 4961.5300000000016 144.85000000000005 630.95000000000016 7.5000000000000009 0.12291661696352207 2341.8450000000007 -0.048310021251187642 1.0000000180025095e-35 -0.35026900900569219 -0.33568338272636661 0.37500000000000006
decision_type=2 10 2 2 2 10 2 8 2 2 2 2 2 2 2 2 2 2 2 2 10 2 2 2 2 2 2 2 2 2 2 2 2 2 2 2 2 10 2 2 2 2 2 2 2 2 2
left_child=1 13 4 9 5 6 7 -2 -5 -4 11 -9 -12 14 15 -1 -16 -15 20 21 -19 -20 27 -6 26 -26 -25 28 -23 -30 -13 38 -33 44 39 -36 37 -37 -11 41 -41 42 -35 -42 45 -34 -43
right_child=2 -3 3 8 23 -7 -8 10 -10 31 12 30 -14 17 16 -17 -18 18 19 -21 -22 22 -24 24 25 -27 -28 -29 29 -31 -32 32 33 34 35 36 -38 -39 -40 40 43 46 -44 -45 -46 -47 -48
leaf_value=0.018633232043462723 -0.022881700428277085 -0.023851628281899219 0.027021008348202077 -0.019692475581666934 0.010014626614269414 -0.022489712326522585 -0.034698859127100967 -0.010814787962859658 0.010626664357009222 -0.0028681693985350433 0.06224063130924129 -0.006788644438801849 0.0051845113635603825 -0.035486028426126574 0.079003041596834314 -0.023581179306931186 -0.0027694337390840639 0.061375393840284981 -0.03190524732703337 -0.024054806737153513 -0.029132061888952471 -0.021721917673948665 -0.025896503917007548 -0.024962545706457756 0.019433501457780673 0.070954517101423129 0.019693524412207675 0.086133722593519341 0.077169883834833031 -0.0051897160318509945 0.045484356049727934 0.069122629842840663 -0.034012824202294782 -0.012360715705421292 -0.0077276360690325813 0.12592680809045381 0.018223923983981136 0.012437473762600617 -0.0453661892211491 0.043633119899076318 0.017229739362801835 -0.02402180318251225 0.079086492228345392 -0.026844433230403815 -0.029561548585290205 0.029588714050164007 0.0014071151215368698
leaf_weight=16.244238358223814 7.5289074573665848 76.446979549014941 21.106513262726367 76.359406685922295 208.30767442751676 28.761483900016174 7.0029172946233293 14.159363761311399 17.662745296256617 94.913788306992501 9.646091628354041 4.5783866695128372 4.9038787812460205 11.926255773752926 4.3508531150873742 13.285735897021366 3.1045428211800754 4.7752806004136792 4.2620910864789066 26.62288444978185 1.338530885055661 4.1716764518059772 3.0085243517532936 8.0238439566455799 9.6643952494487184 11.682803018949924 12.575096014421431 1.9150532588828344 3.2522851293906569 2.3246306178625673 9.3814499005675298 5.0850235810503355 6.9897330708336112 2.7853611707687378 17.541873090900481 5.8575200899504143 7.2127113230526438 4.4557864335365593 6.0460524829104534 10.561910573393105 17.947425873018805 27.308569626882672 2.4094633106142274 7.7543561877682796 18.06800446100533 11.175428272224961 37.903376599308103
leaf_count=966 461 16413 784 10371 4486 2811 259 709 1716 4577 347 273 166 1204 283 1098 210 416 445 2605 162 473 277 147 170 181 197 142 142 319 196 233 353 152 664 131 256 303 291 217 353 1672 123 167 823 586 1777
internal_value=0.000778122 -0.0118537 0.00383106 -0.000614172 0.00909447 -0.0020534 0.00843214 0.0150094 -0.0139449 0.00352577 0.0220661 0.00928523 0.0445807 -0.00258979 0.01042 -0.000509617 0.0486513 -0.0101999 -0.00380066 -0.0104499 0.0402504 0.00892659 0.0220667 0.0129167 0.0267598 0.0495431 0.0019484 0.0355064 0.0184727 0.0472706 0.0290327 0.00169105 0.00584998 0.00366602 0.00792563 0.0260005 0.0583541 0.082328 -0.00583317 0.00179722 0.0159924 -0.00563572 0.035974 0.003425 -0.0127622 0.00461785 -0.00944363
internal_weight=912.391 177.03 735.361 399.145 336.216 85.9625 57.201 50.1981 94.0222 305.123 42.6692 28.1192 14.55 100.583 36.9854 29.53 7.4554 63.5972 51.671 45.5571 6.11381 18.9343 14.6722 250.254 41.9461 21.3472 20.5989 11.6636 9.74859 5.57692 13.9598 284.016 183.057 177.972 141.738 35.0679 17.526 10.3133 100.96 106.67 36.2637 70.4068 5.19482 25.7018 36.2332 18.1652 65.2119
internal_count=61107 25155 35952 25549 10403 5222 2411 2152 12087 13462 1691 1178 513 8742 2557 2064 493 6185 4981 4403 578 1798 1353 5181 695 351 344 1076 934 461 469 12678 7810 7577 5815 1354 690 434 4868 4461 737 3724 275 520 1762 939 3449
is_linear=0
shrinkage=0.05


Tree=50
num_leaves=48
num_cat=0
split_feature=6 16 3 10 0 5 16 11 2 5 16 11 23 21 0 4 4 0 3 0 0 10 11 11 3 10 0 20 11 11 3 11 10 13 23 0 0 16 0 3 11 10 11 11 13 2 18
split_gain=16.7345 8.03386 7.95669 12.2266 9.90682 7.56899 7.11132 6.65801 6.58064 6.36357 5.97748 5.63492 5.55919 5.38192 6.54716 5.16433 7.70172 5.3559 5.09216 4.93094 6.39027 4.85973 4.83015 4.99333 4.82624 7.10311 4.62163 4.35152 9.28187 6.326 4.35345 4.36047 4.25474 4.14328 4.50918 6.23429 8.39662 4.16015 4.10142 10.8266 5.63415 5.14779 4.98047 4.85173 4.02908 3.85853 3.84153
threshold=1.0000000180025095e-35 5.5000000000000009 -0.33369517794163417 38.45000000000001 3209.0950000000007 1.0000000180025095e-35 2.5000000000000004 38.550000000000004 2.6131780984974244 -1.0000000180025095e-35 7.5000000000000009 90.15000000000002 21.500000000000004 0.30000000000000004 2441.9700000000007 -1.0000000180025095e-35 1.0000000180025095e-35 8702.5200000000023 0.5613560736359412 1133.6000000000001 521.71500000000003 138.45000000000002 4.0500000000000007 3.2500000000000004 -0.70412236886384016 16.050000000000004 907.18500000000006 1.0000000180025095e-35 108.65000000000002 10.750000000000002 0.38562187393630948 1.8500000000000003 54.650000000000013 137.65000000000001 4.5000000000000009 3251.0500000000006 499.61500000000007 12.500000000000002 533.05500000000018 -0.67211433871089088 6.0500000000000007 3.2500000000000004 17.650000000000002 3.0500000000000003 1.0500000000000003 -0.20336960569046952 1.5000000000000002
decision_type=2 2 2 2 2 2 2 10 2 2 2 10 2 2 2 2 2 2 2 2 2 2 10 10 2 2 2 2 8 8 2 10 2 2 2 2 2 2 2 2 8 2 8 10 2 2 2
left_child=5 7 19 8 11 9 22 38 10 12 18 21 -1 14 -11 26 -17 -18 46 20 -3 -5 23 -7 -22 -26 -15 29 -29 30 31 -8 -33 37 35 36 -35 -31 -2 40 -40 43 44 -41 -43 -13 -4
right_child=1 2 3 4 -6 6 27 -9 -10 13 -12 45 -14 15 -16 16 17 -19 -20 -21 24 -23 -24 -25 25 -27 -28 28 -30 33 -32 32 -34 34 -36 -37 -38 -39 39 41 -42 42 -44 -45 -46 -47 -48
leaf_value=-0.0075703232136551703 -0.040533016633013952 -0.028762844637773378 0.039729172409103272 0.1138367930094504 0.0054007608944094971 -0.0073555548511171189 -0.023123009467889994 -0.034348848085349951 0.062115161526784139 0.013460837697242387 -0.036701594929161238 -0.033081586585271758 0.035804827606229134 0.026147986791041522 -0.038526173900823281 0.036238684587269185 0.01003294881086696 0.044205518853213804 0.038296007079355938 -0.036236253904188713 -0.018516680696825907 0.026964873668927636 -0.029141846445414545 0.064559012656007012 0.092888656547565479 0.0063369251640253109 -0.021923615037339497 -0.013821882850649607 0.021737836356277587 -0.014152665502948631 0.047155590716786031 0.03302935686838767 -0.018132979875096159 0.061915918447953924 -0.0034018323168776977 0.053968589427854902 -0.024025581948749271 0.04053583292437643 0.098779905716544575 -0.0031886753349630453 0.010943688041896554 -0.047596129706299735 -0.0066135478161437047 0.093878918776816062 0.022941025083981648 0.053374708755618429 -0.027523616453258098
leaf_weight=68.006047987611964 8.8037923045922053 11.962334631476553 1.7330770636908734 5.316705700010063 12.904730207752435 31.20796527620405 7.4919228288345066 49.248522411333397 2.0479813562706104 13.244962779805066 15.167031832039354 1.8267868855036797 7.2783791571855536 6.3307922305539277 9.6249622609466297 46.360864187590778 139.39063695725054 11.655077221803365 6.2209271974861613 18.427925255149603 5.017930071335285 3.2090914095751941 32.181211185408756 1.6102244872599829 2.8178930720314366 6.6815623254515231 14.931698082946239 24.851062342058867 63.541145159630105 93.143193467287347 8.4242708561941964 14.132577341981234 4.8241835865192106 2.9144107066094902 71.925130371470004 8.1392943141981942 9.3753082365728897 2.6641802117228499 2.338995184050872 3.2133303324226281 4.6703396642114967 14.916025100043045 35.114976080134511 1.0803240078967062 1.7161086895503093 1.3992349612526584 9.4781747041270119
leaf_count=4440 1071 903 139 305 712 3036 290 11550 71 306 978 174 424 163 200 632 3016 192 416 1436 382 73 7490 191 237 436 478 1183 2241 4453 266 575 173 117 3500 265 449 37 252 350 587 1881 3908 172 244 111 818
internal_value=0.000169989 -0.0116375 -0.00142613 0.0105284 0.036724 0.0040188 -0.000776371 -0.0203411 -0.00862092 0.00970059 -0.0147812 0.0679993 -0.00296249 0.0136434 -0.00911566 0.0160544 0.0185692 0.0129432 0.00524725 -0.0170983 -0.00294578 0.0874017 -0.0156873 -0.0020224 0.0188102 0.0384131 -0.00707895 0.00237602 0.0116976 -0.00135399 0.0179037 0.00720802 0.0197532 -0.0049989 0.00255208 0.0226948 -0.000519837 -0.0122289 -0.0104004 -0.00562584 0.0489279 -0.0131873 -0.0177086 0.034355 -0.0394298 0.00817409 -0.0147253
internal_weight=918.563 225.314 104.211 59.3037 24.6565 693.25 376.426 121.102 34.6472 316.823 32.5992 11.7518 75.2844 241.539 22.8699 218.669 197.407 151.046 17.4322 44.9076 26.4797 8.5258 64.9994 32.8182 14.5174 9.49946 21.2625 311.427 88.3922 223.034 34.873 26.4487 18.9568 188.162 92.3541 20.429 12.2897 95.8074 71.8539 63.0501 7.00933 56.0408 51.7471 4.29365 16.6321 3.22602 11.2113
internal_count=61323 27206 7191 3797 1375 34117 24266 20015 2422 9851 2351 663 4864 4987 506 4481 3840 3208 1373 3394 1958 378 10717 3227 1055 673 641 13549 3424 10125 1304 1038 748 8821 4331 831 566 4490 8465 7394 839 6555 6033 522 2125 285 957
is_linear=0
shrinkage=0.05


Tree=51
num_leaves=48
num_cat=0
split_feature=6 5 10 17 10 21 25 10 10 17 14 3 13 2 0 17 5 3 5 9 11 23 23 13 11 23 5 21 17 17 2 0 0 23 10 10 2 17 2 4 0 2 11 2 17 3 11
split_gain=13.4418 8.74966 7.04484 6.93759 6.63266 6.55777 6.83404 6.06759 9.61697 8.23917 7.00983 8.19472 6.26266 5.46745 6.7846 5.87736 5.4155 5.34847 5.2637 5.21033 6.13394 5.01137 4.94663 5.76759 6.86527 5.49137 4.82674 5.01901 4.75241 5.39468 4.68074 4.75351 8.9196 4.55945 6.93952 7.63281 5.65002 4.54488 4.36816 4.58847 4.08617 11.0726 6.83046 4.02403 4.01776 3.81248 4.28068
threshold=1.0000000180025095e-35 1.0000000180025095e-35 1215.2500000000002 2.5000000000000004 5.0500000000000007 0.52500000000000013 5.5000000000000009 83.15000000000002 75.750000000000014 8.5000000000000018 1.0000000180025095e-35 -0.43777240769489945 149.95000000000002 -0.61194337159764201 2124.2400000000002 5.5000000000000009 -1.0000000180025095e-35 2.4966661189274508 1.0000000180025095e-35 1.0000000180025095e-35 40.95000000000001 16.500000000000004 4.5000000000000009 241.25000000000003 239.45000000000002 9.5000000000000018 -1.0000000180025095e-35 0.30000000000000004 1.5000000000000002 4.5000000000000009 -1.0375989529240057 4731.920000000001 4961.5300000000016 15.500000000000002 82.050000000000011 42.850000000000001 0.55232294604463827 10.500000000000002 0.62188023660966329 1.0000000180025095e-35 3589.1550000000002 -0.14689714325096268 23.750000000000004 -0.36935829498674472 1.0000000180025095e-35 -0.40949490324992316 351.05000000000007
decision_type=2 2 2 2 2 2 2 2 2 2 2 2 2 2 2 2 2 2 2 2 8 2 2 2 8 2 2 2 2 2 2 2 2 2 2 2 2 2 2 2 2 2 10 2 2 2 8
left_child=2 5 7 -3 22 16 33 8 10 -9 18 12 -12 -10 -15 -16 -2 -6 26 30 -21 -22 -5 24 25 -24 37 -28 -4 -30 -20 -32 -33 34 35 36 45 -1 39 -13 41 44 -42 -31 -29 46 -7
right_child=1 3 28 4 17 6 -8 9 13 -11 11 38 -14 14 15 -17 -18 -19 19 20 21 -23 23 -25 -26 -27 27 40 29 43 31 32 -34 -35 -36 -37 -38 -39 -40 -41 42 -43 -44 -45 -46 -47 -48
leaf_value=-0.0099543362254062677 -0.028562972770382191 -0.042490077575580626 -0.024193162460600895 -0.034461320389304266 -0.020751675553706602 0.076689314286065721 -0.029730112683322887 -0.018557609522292112 0.081395963803043717 0.027323586678728307 0.017706723826812036 0.01888846478026756 0.071204381956594495 -0.039324384981088693 0.076886093767352032 -0.0046021071340122876 0.00075879823015260551 0.035136571646241385 0.020454821126176293 0.088948524129916162 -0.025028948693304406 0.053002237598431784 0.07967720234340149 -0.020756308551394972 0.11514651932289886 -0.024274349581401275 -0.01672438416814356 -0.019665324983451592 0.049525145764091644 -0.0072079202771817138 -0.010502175771260001 0.067818427421672364 -0.00035815708574198492 -0.0030774028190873174 -0.020230584834036319 0.11048642451228813 0.079573801911215825 0.055993614718485622 0.024663888976273848 -0.025946579181891707 0.044557847614621511 -0.021635248991089498 0.0048302820855231424 0.02745055851303221 0.018899552073513608 -0.019855137146721564 -0.0089103865941493107
leaf_weight=49.821052302606404 21.562720011919737 25.004490976920351 4.4745784394908688 2.14098001923412 77.286742930067703 2.1244732707273251 5.3021513975691041 59.859325059689581 4.8112425997387609 10.744333068840204 13.405225483467804 8.2030509028118104 9.4578825070057047 2.8005569989327324 4.0119502176530659 3.770831388887018 51.964979468844831 3.6412444801535448 15.900754854548721 2.1941350179258707 4.5685548253823081 2.2703289638739079 0.9251788270194069 2.3763356788549572 2.3195477018598467 2.8428015722893178 14.498012425377963 6.5213328991085282 15.319806171581147 13.350004485808311 189.05743436818011 4.3125423619057974 49.379356757039204 8.1053517120890302 3.3248838810250154 3.5888607196975491 3.1564610030036411 1.7652777563780535 14.559219201561062 14.322725960286334 22.604730421677232 23.756738020572811 20.476487886626273 20.023196743801236 86.204021562822163 4.9956307369284385 2.3940183266531676
leaf_count=3859 3171 7297 444 296 10275 152 235 2966 200 156 278 127 160 172 233 83 3013 270 1004 139 365 147 161 342 232 478 381 318 592 201 14670 227 3150 445 126 160 167 50 236 311 320 594 579 242 1774 238 100
internal_value=0.000464818 -0.0101826 0.0039044 -0.0195888 -0.0129411 0.000194679 0.0183927 0.00243337 0.0041542 -0.0112914 0.00303022 0.0190281 0.0418938 0.0419011 0.0184695 0.0413757 -0.00810797 -0.0178389 0.00105164 -0.00368463 0.0317026 0.00433221 0.0227511 0.0393355 0.0624118 0.0126073 0.00666169 0.01063 0.0212204 0.0257965 -0.00503782 -0.00678472 0.00625768 0.0283225 0.0408362 0.0537723 0.0308014 -0.00667573 0.00420139 -0.00951045 0.0132042 0.00821052 0.0262133 0.0137801 0.0160064 0.00859108 0.03794
internal_weight=915.502 223.057 692.445 116.537 91.5328 106.52 32.9918 639.277 568.673 70.6037 553.279 59.9481 22.8631 15.3946 10.5833 7.78278 73.5277 80.928 493.331 267.683 9.03302 6.83888 10.6048 8.46386 6.08753 3.76798 225.648 174.061 53.1676 48.693 258.65 242.749 53.6919 27.6897 19.5843 16.2594 12.6706 51.5863 37.085 22.5258 159.563 116.482 43.0812 33.3732 92.7254 9.51412 4.51849
internal_count=61136 27158 33978 19351 12054 7807 1623 32499 29377 3122 28689 1112 438 688 488 316 6184 10545 27577 19702 651 512 1509 1213 871 639 7875 3966 1479 1035 19051 18047 3377 1388 943 817 657 3909 674 438 3585 2686 899 443 2092 490 252
is_linear=0
shrinkage=0.05


end of trees

feature_importances:
account_age_days=240
billing_distance=228
cvv_match=224
amount_z_vs_card=197
amount=189
avs_match=163
txns_card_24h=162
card_age_days=161
amount_z_vs_product=152
email_domain_risk=139
hour_of_day=130
three_ds_authenticated=81
txns_ip_24h=64
day_of_week=63
prior_disputes=44
txns_card_7d=44
txns_device_24h=44
is_digital=43
amount_log=22
is_guest=15
billing_shipping_mismatch=13
email_domains_differ=9
three_ds_attempted=7
bin_billing_mismatch=6
is_night=2
is_weekend=2

parameters:
[boosting: gbdt]
[objective: binary]
[metric: average_precision]
[tree_learner: serial]
[device_type: cpu]
[data_sample_strategy: bagging]
[data: ]
[valid: ]
[num_iterations: 600]
[learning_rate: 0.05]
[num_leaves: 48]
[num_threads: 0]
[seed: 7]
[deterministic: 0]
[force_col_wise: 0]
[force_row_wise: 0]
[histogram_pool_size: -1]
[max_depth: -1]
[min_data_in_leaf: 120]
[min_sum_hessian_in_leaf: 0.001]
[bagging_fraction: 0.85]
[pos_bagging_fraction: 1]
[neg_bagging_fraction: 1]
[bagging_freq: 1]
[bagging_seed: 17422]
[bagging_by_query: 0]
[feature_fraction: 0.85]
[feature_fraction_bynode: 1]
[feature_fraction_seed: 7040]
[extra_trees: 0]
[extra_seed: 6516]
[early_stopping_round: 0]
[early_stopping_min_delta: 0]
[first_metric_only: 0]
[max_delta_step: 0]
[lambda_l1: 0]
[lambda_l2: 1]
[linear_lambda: 0]
[min_gain_to_split: 0]
[drop_rate: 0.1]
[max_drop: 50]
[skip_drop: 0.5]
[xgboost_dart_mode: 0]
[uniform_drop: 0]
[drop_seed: 15215]
[top_rate: 0.2]
[other_rate: 0.1]
[min_data_per_group: 100]
[max_cat_threshold: 32]
[cat_l2: 10]
[cat_smooth: 10]
[max_cat_to_onehot: 4]
[top_k: 20]
[monotone_constraints: ]
[monotone_constraints_method: basic]
[monotone_penalty: 0]
[feature_contri: ]
[forcedsplits_filename: ]
[refit_decay_rate: 0.9]
[cegb_tradeoff: 1]
[cegb_penalty_split: 0]
[cegb_penalty_feature_lazy: ]
[cegb_penalty_feature_coupled: ]
[path_smooth: 0]
[interaction_constraints: ]
[verbosity: -1]
[saved_feature_importance_type: 0]
[use_quantized_grad: 0]
[num_grad_quant_bins: 4]
[quant_train_renew_leaf: 0]
[stochastic_rounding: 1]
[linear_tree: 0]
[max_bin: 255]
[max_bin_by_feature: ]
[min_data_in_bin: 3]
[bin_construct_sample_cnt: 200000]
[data_random_seed: 61]
[is_enable_sparse: 1]
[enable_bundle: 1]
[use_missing: 1]
[zero_as_missing: 0]
[feature_pre_filter: 1]
[pre_partition: 0]
[two_round: 0]
[header: 0]
[label_column: ]
[weight_column: ]
[group_column: ]
[ignore_column: ]
[categorical_feature: ]
[forcedbins_filename: ]
[precise_float_parser: 0]
[parser_config_file: ]
[objective_seed: 15521]
[num_class: 1]
[is_unbalance: 0]
[scale_pos_weight: 1]
[sigmoid: 1]
[boost_from_average: 1]
[reg_sqrt: 0]
[alpha: 0.9]
[fair_c: 1]
[poisson_max_delta_step: 0.7]
[tweedie_variance_power: 1.5]
[lambdarank_truncation_level: 30]
[lambdarank_norm: 1]
[label_gain: ]
[lambdarank_position_bias_regularization: 0]
[eval_at: ]
[multi_error_top_k: 1]
[auc_mu_weights: ]
[num_machines: 1]
[local_listen_port: 12400]
[time_out: 120]
[machine_list_filename: ]
[machines: ]
[gpu_platform_id: -1]
[gpu_device_id: -1]
[gpu_device_id_list: ]
[gpu_use_dp: 0]
[num_gpu: 1]

end of parameters

pandas_categorical:[]
